state/region,ages,year,population,area (sq. mi),population_density
AK,total,1990,553290,656425,0.8428838024
AK,total,1991,570193,656425,0.8686338881
AK,total,1992,588736,656425,0.8968823552
AK,total,1993,599434,656425,0.9131797235
AK,total,1994,603308,656425,0.9190813878
AK,total,1995,604412,656425,0.920763225
AK,total,1996,608569,656425,0.9270960125
AK,total,1997,612968,656425,0.9337974635
AK,total,1998,619933,656425,0.9444079674
AK,total,1999,624779,656425,0.9517903797
AK,total,2000,627963,656425,0.9566408958
AK,total,2001,633714,656425,0.965401988
AK,total,2002,642337,656425,0.9785382946
AK,total,2003,648414,656425,0.9877960163
AK,total,2004,659286,656425,1.004358457
AK,total,2005,666946,656425,1.016027726
AK,total,2006,675302,656425,1.028757284
AK,total,2007,680300,656425,1.036371253
AK,total,2008,687455,656425,1.047271204
AK,total,2009,698895,656425,1.064698937
AK,total,2010,713868,656425,1.087508855
AK,total,2011,723375,656425,1.10199185
AK,total,2012,730307,656425,1.112552081
AK,total,2013,735132,656425,1.119902502
AK,under18,1990,177502,656425,0.2704071295
AK,under18,1991,182180,656425,0.2775336101
AK,under18,1992,184878,656425,0.2816437521
AK,under18,1993,187190,656425,0.2851658605
AK,under18,1994,187439,656425,0.2855451879
AK,under18,1995,184990,656425,0.2818143733
AK,under18,1996,185360,656425,0.2823780325
AK,under18,1997,188280,656425,0.2868263701
AK,under18,1998,192636,656425,0.2934623148
AK,under18,1999,191422,656425,0.2916129032
AK,under18,2000,190615,656425,0.2903835168
AK,under18,2001,188771,656425,0.2875743611
AK,under18,2002,188482,656425,0.2871340976
AK,under18,2003,186843,656425,0.2846372396
AK,under18,2004,186335,656425,0.2838633507
AK,under18,2005,185304,656425,0.2822927219
AK,under18,2006,185580,656425,0.2827131812
AK,under18,2007,184344,656425,0.2808302548
AK,under18,2008,183124,656425,0.2789717028
AK,under18,2009,186351,656425,0.2838877252
AK,under18,2010,187902,656425,0.2862505237
AK,under18,2011,188329,656425,0.2869010169
AK,under18,2012,188162,656425,0.2866466085
AK,under18,2013,188132,656425,0.2866009064
AL,total,1990,4050055,52423,77.25721534
AL,total,1991,4099156,52423,78.19384621
AL,total,1992,4154014,52423,79.24029529
AL,total,1993,4214202,52423,80.3884173
AL,total,1994,4260229,52423,81.26640978
AL,total,1995,4296800,52423,81.96402342
AL,total,1996,4331103,52423,82.61837361
AL,total,1997,4367935,52423,83.32096599
AL,total,1998,4404701,52423,84.02229937
AL,total,1999,4430141,52423,84.50758255
AL,total,2000,4452173,52423,84.92785609
AL,total,2001,4467634,52423,85.22278389
AL,total,2002,4480089,52423,85.46037045
AL,total,2003,4503491,52423,85.90677756
AL,total,2004,4530729,52423,86.42635866
AL,total,2005,4569805,52423,87.17175667
AL,total,2006,4628981,52423,88.30057418
AL,total,2007,4672840,52423,89.13721077
AL,total,2008,4718206,52423,90.00259428
AL,total,2009,4757938,52423,90.76050588
AL,total,2010,4785570,52423,91.28760277
AL,total,2011,4801627,52423,91.59389962
AL,total,2012,4817528,52423,91.89722069
AL,total,2013,4833722,52423,92.2061309
AL,under18,1990,1050041,52423,20.03015852
AL,under18,1991,1060794,52423,20.23527841
AL,under18,1992,1072873,52423,20.46569254
AL,under18,1993,1085606,52423,20.70858211
AL,under18,1994,1097180,52423,20.92936307
AL,under18,1995,1110553,52423,21.18446102
AL,under18,1996,1112092,52423,21.21381836
AL,under18,1997,1122893,52423,21.41985388
AL,under18,1998,1118252,52423,21.33132404
AL,under18,1999,1121287,52423,21.38921847
AL,under18,2000,1122273,52423,21.40802701
AL,under18,2001,1120409,52423,21.3724701
AL,under18,2002,1116590,52423,21.2996204
AL,under18,2003,1113083,52423,21.23272228
AL,under18,2004,1113662,52423,21.24376705
AL,under18,2005,1117229,52423,21.3118097
AL,under18,2006,1126798,52423,21.49434409
AL,under18,2007,1132296,52423,21.59922172
AL,under18,2008,1134927,52423,21.64940961
AL,under18,2009,1134192,52423,21.63538905
AL,under18,2010,1130966,52423,21.57385117
AL,under18,2011,1125763,52423,21.47460084
AL,under18,2012,1117489,52423,21.31676936
AL,under18,2013,1111481,52423,21.20216317
AR,total,1990,2356586,53182,44.31172201
AR,total,1991,2383144,53182,44.8111015
AR,total,1992,2415984,53182,45.42860366
AR,total,1993,2456303,53182,46.18673611
AR,total,1994,2494019,53182,46.89592343
AR,total,1995,2535399,53182,47.67400624
AR,total,1996,2572109,53182,48.36427739
AR,total,1997,2601091,53182,48.90923621
AR,total,1998,2626289,53182,49.38304313
AR,total,1999,2651860,53182,49.86386371
AR,total,2000,2678588,53182,50.36643977
AR,total,2001,2691571,53182,50.61056372
AR,total,2002,2705927,53182,50.88050468
AR,total,2003,2724816,53182,51.23568125
AR,total,2004,2749686,53182,51.70332067
AR,total,2005,2781097,53182,52.29395284
AR,total,2006,2821761,53182,53.05857245
AR,total,2007,2848650,53182,53.56417585
AR,total,2008,2874554,53182,54.05125794
AR,total,2009,2896843,53182,54.47036591
AR,total,2010,2922280,53182,54.94866684
AR,total,2011,2938506,53182,55.25377007
AR,total,2012,2949828,53182,55.46666165
AR,total,2013,2959373,53182,55.64613967
AR,under18,1990,620933,53182,11.67562333
AR,under18,1991,626212,53182,11.77488624
AR,under18,1992,638269,53182,12.00159829
AR,under18,1993,643474,53182,12.09946975
AR,under18,1994,653842,53182,12.29442293
AR,under18,1995,667671,53182,12.55445451
AR,under18,1996,677912,53182,12.74701967
AR,under18,1997,680203,53182,12.79009815
AR,under18,1998,683637,53182,12.85466887
AR,under18,1999,681940,53182,12.82275958
AR,under18,2000,680378,53182,12.79338874
AR,under18,2001,679606,53182,12.77887255
AR,under18,2002,678798,53182,12.76367944
AR,under18,2003,679579,53182,12.77836486
AR,under18,2004,683166,53182,12.84581249
AR,under18,2005,689787,53182,12.9703095
AR,under18,2006,697842,53182,13.12177052
AR,under18,2007,702737,53182,13.21381294
AR,under18,2008,705725,53182,13.26999737
AR,under18,2009,707886,53182,13.31063142
AR,under18,2010,711947,53182,13.38699184
AR,under18,2011,710576,53182,13.36121244
AR,under18,2012,710471,53182,13.35923809
AR,under18,2013,709866,53182,13.34786206
AZ,total,1990,3684097,114006,32.31493956
AZ,total,1991,3788576,114006,33.23137379
AZ,total,1992,3915740,114006,34.34678877
AZ,total,1993,4065440,114006,35.65987755
AZ,total,1994,4245089,114006,37.23566304
AZ,total,1995,4432499,114006,38.87952388
AZ,total,1996,4586940,114006,40.2341982
AZ,total,1997,4736990,114006,41.550357
AZ,total,1998,4883342,114006,42.83407891
AZ,total,1999,5023823,114006,44.06630353
AZ,total,2000,5160586,114006,45.26591583
AZ,total,2001,5273477,114006,46.25613564
AZ,total,2002,5396255,114006,47.33307896
AZ,total,2003,5510364,114006,48.33398242
AZ,total,2004,5652404,114006,49.57988176
AZ,total,2005,5839077,114006,51.21727804
AZ,total,2006,6029141,114006,52.88441836
AZ,total,2007,6167681,114006,54.09961756
AZ,total,2008,6280362,114006,55.08799537
AZ,total,2009,6343154,114006,55.6387734
AZ,total,2010,6408790,114006,56.21449748
AZ,total,2011,6468796,114006,56.7408382
AZ,total,2012,6551149,114006,57.46319492
AZ,total,2013,6626624,114006,58.12522148
AZ,under18,1990,1006040,114006,8.824447836
AZ,under18,1991,1028285,114006,9.019569145
AZ,under18,1992,1055572,114006,9.258916197
AZ,under18,1993,1094233,114006,9.598029928
AZ,under18,1994,1119857,114006,9.822790029
AZ,under18,1995,1173391,114006,10.29236181
AZ,under18,1996,1215285,114006,10.65983369
AZ,under18,1997,1237159,114006,10.85170079
AZ,under18,1998,1285794,114006,11.27830114
AZ,under18,1999,1332396,114006,11.6870691
AZ,under18,2000,1373414,114006,12.04685718
AZ,under18,2001,1399015,114006,12.27141554
AZ,under18,2002,1427938,114006,12.52511271
AZ,under18,2003,1453671,114006,12.7508289
AZ,under18,2004,1484454,114006,13.02084101
AZ,under18,2005,1529168,114006,13.41304844
AZ,under18,2006,1574867,114006,13.81389576
AZ,under18,2007,1607895,114006,14.10359981
AZ,under18,2008,1628651,114006,14.2856604
AZ,under18,2009,1627343,114006,14.27418732
AZ,under18,2010,1628563,114006,14.28488851
AZ,under18,2011,1616353,114006,14.17778889
AZ,under18,2012,1617149,114006,14.18477098
AZ,under18,2013,1616814,114006,14.18183254
CA,total,1990,29959515,163707,183.006927
CA,total,1991,30470736,163707,186.1297073
CA,total,1992,30974659,163707,189.207908
CA,total,1993,31274928,163707,191.0420935
CA,total,1994,31484435,163707,192.3218616
CA,total,1995,31696582,163707,193.6177561
CA,total,1996,32018834,163707,195.5862242
CA,total,1997,32486010,163707,198.4399568
CA,total,1998,32987675,163707,201.5043645
CA,total,1999,33499204,163707,204.6290262
CA,total,2000,33987977,163707,207.6146836
CA,total,2001,34479458,163707,210.6168826
CA,total,2002,34871843,163707,213.0137563
CA,total,2003,35253159,163707,215.3430153
CA,total,2004,35574576,163707,217.3063827
CA,total,2005,35827943,163707,218.8540685
CA,total,2006,36021202,163707,220.0345862
CA,total,2007,36250311,163707,221.4340926
CA,total,2008,36604337,163707,223.5966513
CA,total,2009,36961229,163707,225.7767169
CA,total,2010,37333601,163707,228.0513417
CA,total,2011,37668681,163707,230.0981693
CA,total,2012,37999878,163707,232.1212776
CA,total,2013,38332521,163707,234.1532189
CA,under18,1990,7980501,163707,48.74868515
CA,under18,1991,8245605,163707,50.36806612
CA,under18,1992,8439647,163707,51.55336669
CA,under18,1993,8624810,163707,52.68443011
CA,under18,1994,8790058,163707,53.69384327
CA,under18,1995,8920578,163707,54.49112133
CA,under18,1996,9079519,163707,55.46200834
CA,under18,1997,9135359,163707,55.80310555
CA,under18,1998,9163238,163707,55.9734037
CA,under18,1999,9207878,163707,56.246086
CA,under18,2000,9267089,163707,56.60777487
CA,under18,2001,9325466,163707,56.96436927
CA,under18,2002,9365142,163707,57.2067291
CA,under18,2003,9404594,163707,57.44772062
CA,under18,2004,9418497,163707,57.53264674
CA,under18,2005,9405565,163707,57.45365195
CA,under18,2006,9370884,163707,57.24180395
CA,under18,2007,9335620,163707,57.02639472
CA,under18,2008,9321621,163707,56.94088219
CA,under18,2009,9294501,163707,56.77522036
CA,under18,2010,9284094,163707,56.71164947
CA,under18,2011,9252336,163707,56.51765654
CA,under18,2012,9209007,163707,56.25298246
CA,under18,2013,9174877,163707,56.04450024
CO,total,1990,3307618,104100,31.77346782
CO,total,1991,3387119,104100,32.53716619
CO,total,1992,3495939,104100,33.5825072
CO,total,1993,3613734,104100,34.7140634
CO,total,1994,3724168,104100,35.77490874
CO,total,1995,3826653,104100,36.75939481
CO,total,1996,3919972,104100,37.65583093
CO,total,1997,4018293,104100,38.600317
CO,total,1998,4116639,104100,39.54504323
CO,total,1999,4226018,104100,40.59575408
CO,total,2000,4326921,104100,41.56504323
CO,total,2001,4425687,104100,42.51380403
CO,total,2002,4490406,104100,43.13550432
CO,total,2003,4528732,104100,43.50366955
CO,total,2004,4575013,104100,43.94825168
CO,total,2005,4631888,104100,44.49460134
CO,total,2006,4720423,104100,45.34508165
CO,total,2007,4803868,104100,46.14666667
CO,total,2008,4889730,104100,46.97146974
CO,total,2009,4972195,104100,47.76364073
CO,total,2010,5048196,104100,48.49371758
CO,total,2011,5118400,104100,49.16810759
CO,total,2012,5189458,104100,49.85070125
CO,total,2013,5268367,104100,50.60871278
CO,under18,1990,881640,104100,8.469164265
CO,under18,1991,896537,104100,8.612267051
CO,under18,1992,925577,104100,8.891229587
CO,under18,1993,947806,104100,9.104764649
CO,under18,1994,966412,104100,9.283496638
CO,under18,1995,984310,104100,9.455427474
CO,under18,1996,1003946,104100,9.644053794
CO,under18,1997,1030557,104100,9.899682997
CO,under18,1998,1060066,104100,10.18315082
CO,under18,1999,1083938,104100,10.41246878
CO,under18,2000,1106676,104100,10.63089337
CO,under18,2001,1126647,104100,10.82273775
CO,under18,2002,1138273,104100,10.93441883
CO,under18,2003,1144597,104100,10.99516811
CO,under18,2004,1146369,104100,11.0121902
CO,under18,2005,1156399,104100,11.10853987
CO,under18,2006,1171832,104100,11.25679155
CO,under18,2007,1189434,104100,11.42587896
CO,under18,2008,1203289,104100,11.55897214
CO,under18,2009,1217213,104100,11.69272815
CO,under18,2010,1226619,104100,11.78308357
CO,under18,2011,1230178,104100,11.81727185
CO,under18,2012,1232864,104100,11.84307397
CO,under18,2013,1237932,104100,11.89175793
CT,total,1990,3291967,5544,593.7891414
CT,total,1991,3302895,5544,595.7602814
CT,total,1992,3300712,5544,595.3665224
CT,total,1993,3309175,5544,596.8930375
CT,total,1994,3316121,5544,598.1459235
CT,total,1995,3324144,5544,599.5930736
CT,total,1996,3336685,5544,601.8551587
CT,total,1997,3349348,5544,604.1392496
CT,total,1998,3365352,5544,607.025974
CT,total,1999,3386401,5544,610.8226912
CT,total,2000,3411777,5544,615.3998918
CT,total,2001,3432835,5544,619.1982323
CT,total,2002,3458749,5544,623.8724747
CT,total,2003,3484336,5544,628.4877345
CT,total,2004,3496094,5544,630.6085859
CT,total,2005,3506956,5544,632.5678211
CT,total,2006,3517460,5544,634.462482
CT,total,2007,3527270,5544,636.2319625
CT,total,2008,3545579,5544,639.5344517
CT,total,2009,3561807,5544,642.4615801
CT,total,2010,3579210,5544,645.6006494
CT,total,2011,3588948,5544,647.3571429
CT,total,2012,3591765,5544,647.8652597
CT,total,2013,3596080,5544,648.6435786
CT,under18,1990,752666,5544,135.7622655
CT,under18,1991,766304,5544,138.2222222
CT,under18,1992,777264,5544,140.1991342
CT,under18,1993,790749,5544,142.6314935
CT,under18,1994,801231,5544,144.5221861
CT,under18,1995,808623,5544,145.8555195
CT,under18,1996,811855,5544,146.4384921
CT,under18,1997,814373,5544,146.8926768
CT,under18,1998,824600,5544,148.7373737
CT,under18,1999,834654,5544,150.5508658
CT,under18,2000,842242,5544,151.9195527
CT,under18,2001,845850,5544,152.5703463
CT,under18,2002,848877,5544,153.116342
CT,under18,2003,851115,5544,153.5200216
CT,under18,2004,848979,5544,153.1347403
CT,under18,2005,844034,5544,152.242785
CT,under18,2006,839372,5544,151.4018759
CT,under18,2007,833484,5544,150.3398268
CT,under18,2008,826626,5544,149.1028139
CT,under18,2009,820839,5544,148.0589827
CT,under18,2010,814187,5544,146.859127
CT,under18,2011,805109,5544,145.2216811
CT,under18,2012,794959,5544,143.390873
CT,under18,2013,785566,5544,141.6966089
DC,total,1990,605321,68,8901.779412
DC,total,1991,600870,68,8836.323529
DC,total,1992,597567,68,8787.75
DC,total,1993,595302,68,8754.441176
DC,total,1994,589240,68,8665.294118
DC,total,1995,580519,68,8537.044118
DC,total,1996,572379,68,8417.338235
DC,total,1997,567739,68,8349.102941
DC,total,1998,565232,68,8312.235294
DC,total,1999,570220,68,8385.588235
DC,total,2000,572046,68,8412.441176
DC,total,2001,574504,68,8448.588235
DC,total,2002,573158,68,8428.794118
DC,total,2003,568502,68,8360.323529
DC,total,2004,567754,68,8349.323529
DC,total,2005,567136,68,8340.235294
DC,total,2006,570681,68,8392.367647
DC,total,2007,574404,68,8447.117647
DC,total,2008,580236,68,8532.882353
DC,total,2009,592228,68,8709.235294
DC,total,2010,605125,68,8898.897059
DC,total,2011,619624,68,9112.117647
DC,total,2012,633427,68,9315.102941
DC,total,2013,646449,68,9506.602941
DC,under18,1990,112632,68,1656.352941
DC,under18,1991,116825,68,1718.014706
DC,under18,1992,118636,68,1744.647059
DC,under18,1993,120471,68,1771.632353
DC,under18,1994,122170,68,1796.617647
DC,under18,1995,123620,68,1817.941176
DC,under18,1996,121210,68,1782.5
DC,under18,1997,119531,68,1757.808824
DC,under18,1998,113839,68,1674.102941
DC,under18,1999,115003,68,1691.220588
DC,under18,2000,114503,68,1683.867647
DC,under18,2001,114625,68,1685.661765
DC,under18,2002,113822,68,1673.852941
DC,under18,2003,111403,68,1638.279412
DC,under18,2004,109756,68,1614.058824
DC,under18,2005,107187,68,1576.279412
DC,under18,2006,105651,68,1553.691176
DC,under18,2007,104126,68,1531.264706
DC,under18,2008,102257,68,1503.779412
DC,under18,2009,102098,68,1501.441176
DC,under18,2010,101309,68,1489.838235
DC,under18,2011,103906,68,1528.029412
DC,under18,2012,107642,68,1582.970588
DC,under18,2013,111474,68,1639.323529
DE,total,1990,669567,1954,342.6647902
DE,total,1991,683080,1954,349.580348
DE,total,1992,694927,1954,355.6432958
DE,total,1993,706378,1954,361.5035824
DE,total,1994,717545,1954,367.2185261
DE,total,1995,729735,1954,373.4570113
DE,total,1996,740978,1954,379.2108495
DE,total,1997,751487,1954,384.5890481
DE,total,1998,763335,1954,390.6525077
DE,total,1999,774990,1954,396.6171955
DE,total,2000,786373,1954,402.4426817
DE,total,2001,795699,1954,407.2154555
DE,total,2002,806169,1954,412.573695
DE,total,2003,818003,1954,418.6299898
DE,total,2004,830803,1954,425.1806551
DE,total,2005,845150,1954,432.5230297
DE,total,2006,859268,1954,439.7482088
DE,total,2007,871749,1954,446.1356192
DE,total,2008,883874,1954,452.3408393
DE,total,2009,891730,1954,456.3613101
DE,total,2010,899711,1954,460.4457523
DE,total,2011,907985,1954,464.6801433
DE,total,2012,917053,1954,469.3208802
DE,total,2013,925749,1954,473.7712385
DE,under18,1990,165628,1954,84.76356192
DE,under18,1991,169910,1954,86.95496418
DE,under18,1992,174166,1954,89.13306039
DE,under18,1993,176916,1954,90.54042989
DE,under18,1994,180833,1954,92.54503582
DE,under18,1995,181736,1954,93.00716479
DE,under18,1996,184021,1954,94.1765609
DE,under18,1997,186607,1954,95.5
DE,under18,1998,189302,1954,96.87922211
DE,under18,1999,192510,1954,98.5209826
DE,under18,2000,194914,1954,99.75127943
DE,under18,2001,196038,1954,100.3265097
DE,under18,2002,196946,1954,100.7911975
DE,under18,2003,198045,1954,101.3536336
DE,under18,2004,199631,1954,102.1653019
DE,under18,2005,201988,1954,103.3715455
DE,under18,2006,203729,1954,104.2625384
DE,under18,2007,205155,1954,104.9923234
DE,under18,2008,206116,1954,105.4841351
DE,under18,2009,206213,1954,105.5337769
DE,under18,2010,205478,1954,105.1576254
DE,under18,2011,204801,1954,104.8111566
DE,under18,2012,204586,1954,104.7011259
DE,under18,2013,203558,1954,104.1750256
FL,total,1990,13033307,65758,198.2010858
FL,total,1991,13369798,65758,203.318197
FL,total,1992,13650553,65758,207.5877156
FL,total,1993,13927185,65758,211.7945345
FL,total,1994,14239444,65758,216.543143
FL,total,1995,14537875,65758,221.0814654
FL,total,1996,14853360,65758,225.8791326
FL,total,1997,15186304,65758,230.9423036
FL,total,1998,15486559,65758,235.508364
FL,total,1999,15759421,65758,239.6578515
FL,total,2000,16047515,65758,244.0389762
FL,total,2001,16356966,65758,248.7448828
FL,total,2002,16689370,65758,253.7998418
FL,total,2003,17004085,65758,258.5857994
FL,total,2004,17415318,65758,264.8395328
FL,total,2005,17842038,65758,271.3287813
FL,total,2006,18166990,65758,276.2704158
FL,total,2007,18367842,65758,279.3248274
FL,total,2008,18527305,65758,281.7498251
FL,total,2009,18652644,65758,283.6558898
FL,total,2010,18846054,65758,286.5971289
FL,total,2011,19083482,65758,290.2077618
FL,total,2012,19320749,65758,293.8159463
FL,total,2013,19552860,65758,297.3457222
FL,under18,1990,2988807,65758,45.45161045
FL,under18,1991,3045638,65758,46.31585511
FL,under18,1992,3120439,65758,47.45337449
FL,under18,1993,3214066,65758,48.87718605
FL,under18,1994,3299887,65758,50.18228961
FL,under18,1995,3366468,65758,51.19480519
FL,under18,1996,3431695,65758,52.18673013
FL,under18,1997,3502269,65758,53.25996837
FL,under18,1998,3557561,65758,54.10080903
FL,under18,1999,3611711,65758,54.92428298
FL,under18,2000,3654880,65758,55.58076584
FL,under18,2001,3714439,65758,56.48649594
FL,under18,2002,3774624,65758,57.4017458
FL,under18,2003,3820876,65758,58.10511269
FL,under18,2004,3890734,65758,59.16746251
FL,under18,2005,3968178,65758,60.34517473
FL,under18,2006,4022912,65758,61.17752973
FL,under18,2007,4031098,65758,61.30201648
FL,under18,2008,4018372,65758,61.1084887
FL,under18,2009,3997283,65758,60.78778248
FL,under18,2010,3999532,65758,60.82198364
FL,under18,2011,4002550,65758,60.86787919
FL,under18,2012,4012421,65758,61.01799021
FL,under18,2013,4026674,65758,61.2347395
GA,total,1990,6512602,59441,109.5641392
GA,total,1991,6653005,59441,111.9261957
GA,total,1992,6817203,59441,114.6885651
GA,total,1993,6978240,59441,117.3977558
GA,total,1994,7157165,59441,120.4078834
GA,total,1995,7328413,59441,123.2888579
GA,total,1996,7501069,59441,126.1935196
GA,total,1997,7685099,59441,129.2895308
GA,total,1998,7863536,59441,132.2914487
GA,total,1999,8045965,59441,135.3605256
GA,total,2000,8227303,59441,138.4112481
GA,total,2001,8377038,59441,140.9303006
GA,total,2002,8508256,59441,143.1378342
GA,total,2003,8622793,59441,145.0647365
GA,total,2004,8769252,59441,147.5286755
GA,total,2005,8925922,59441,150.1643983
GA,total,2006,9155813,59441,154.0319476
GA,total,2007,9349988,59441,157.2986323
GA,total,2008,9504843,59441,159.9038206
GA,total,2009,9620846,59441,161.855386
GA,total,2010,9713248,59441,163.4099023
GA,total,2011,9810181,59441,165.0406453
GA,total,2012,9915646,59441,166.8149257
GA,total,2013,9992167,59441,168.1022695
GA,under18,1990,1747363,59441,29.39659494
GA,under18,1991,1773675,59441,29.83925237
GA,under18,1992,1817781,59441,30.58126546
GA,under18,1993,1865021,59441,31.3760031
GA,under18,1994,1906539,59441,32.07447721
GA,under18,1995,1949818,59441,32.80257735
GA,under18,1996,1993171,59441,33.53192241
GA,under18,1997,2034163,59441,34.22154742
GA,under18,1998,2078998,59441,34.97582477
GA,under18,1999,2130698,59441,35.84559479
GA,under18,2000,2176576,59441,36.61741895
GA,under18,2001,2215390,59441,37.27040258
GA,under18,2002,2249784,59441,37.84902677
GA,under18,2003,2278710,59441,38.33566057
GA,under18,2004,2308855,59441,38.84280211
GA,under18,2005,2353604,59441,39.59563264
GA,under18,2006,2406014,59441,40.47734729
GA,under18,2007,2456249,59441,41.32247102
GA,under18,2008,2479097,59441,41.70685217
GA,under18,2009,2485781,59441,41.81929981
GA,under18,2010,2490884,59441,41.90514964
GA,under18,2011,2488898,59441,41.87173836
GA,under18,2012,2487831,59441,41.85378779
GA,under18,2013,2489709,59441,41.88538214
HI,total,1990,1113491,10932,101.8561105
HI,total,1991,1136754,10932,103.9840834
HI,total,1992,1158613,10932,105.9836261
HI,total,1993,1172838,10932,107.2848518
HI,total,1994,1187536,10932,108.629345
HI,total,1995,1196854,10932,109.4817051
HI,total,1996,1203755,10932,110.1129711
HI,total,1997,1211640,10932,110.8342481
HI,total,1998,1215233,10932,111.1629162
HI,total,1999,1210300,10932,110.7116722
HI,total,2000,1213519,10932,111.0061288
HI,total,2001,1225948,10932,112.1430662
HI,total,2002,1239613,10932,113.3930662
HI,total,2003,1251154,10932,114.4487742
HI,total,2004,1273569,10932,116.4991767
HI,total,2005,1292729,10932,118.2518295
HI,total,2006,1309731,10932,119.8070801
HI,total,2007,1315675,10932,120.350805
HI,total,2008,1332213,10932,121.8636114
HI,total,2009,1346717,10932,123.1903586
HI,total,2010,1363731,10932,124.7467069
HI,total,2011,1376897,10932,125.9510611
HI,total,2012,1390090,10932,127.1578851
HI,total,2013,1404054,10932,128.435236
HI,under18,1990,279983,10932,25.61132455
HI,under18,1991,287871,10932,26.33287596
HI,under18,1992,295124,10932,26.99634102
HI,under18,1993,301473,10932,27.57711306
HI,under18,1994,307517,10932,28.12998536
HI,under18,1995,310325,10932,28.38684596
HI,under18,1996,311213,10932,28.46807538
HI,under18,1997,309465,10932,28.30817783
HI,under18,1998,304576,10932,27.86095865
HI,under18,1999,299680,10932,27.41309916
HI,under18,2000,295352,10932,27.01719722
HI,under18,2001,294133,10932,26.90568972
HI,under18,2002,293600,10932,26.85693377
HI,under18,2003,294519,10932,26.9409989
HI,under18,2004,298103,10932,27.26884376
HI,under18,2005,298497,10932,27.30488474
HI,under18,2006,299313,10932,27.37952799
HI,under18,2007,300207,10932,27.46130626
HI,under18,2008,301094,10932,27.5424442
HI,under18,2009,302796,10932,27.69813392
HI,under18,2010,303812,10932,27.79107208
HI,under18,2011,305396,10932,27.9359678
HI,under18,2012,305981,10932,27.98948042
HI,under18,2013,307266,10932,28.10702525
IA,total,1990,2781018,56276,49.41747814
IA,total,1991,2797613,56276,49.71236406
IA,total,1992,2818401,56276,50.08175777
IA,total,1993,2836972,56276,50.41175634
IA,total,1994,2850746,56276,50.65651432
IA,total,1995,2867373,56276,50.95196887
IA,total,1996,2880001,56276,51.17636293
IA,total,1997,2891119,56276,51.37392494
IA,total,1998,2902872,56276,51.58277063
IA,total,1999,2917634,56276,51.84508494
IA,total,2000,2929067,56276,52.04824437
IA,total,2001,2931997,56276,52.10030919
IA,total,2002,2934234,56276,52.14005971
IA,total,2003,2941999,56276,52.27804037
IA,total,2004,2953635,56276,52.48480702
IA,total,2005,2964454,56276,52.67705594
IA,total,2006,2982644,56276,53.00028431
IA,total,2007,2999212,56276,53.29469045
IA,total,2008,3016734,56276,53.60604876
IA,total,2009,3032870,56276,53.89277845
IA,total,2010,3050314,56276,54.20275073
IA,total,2011,3064102,56276,54.44775748
IA,total,2012,3075039,56276,54.64210321
IA,total,2013,3090416,56276,54.9153458
IA,under18,1990,719366,56276,12.78282039
IA,under18,1991,724446,56276,12.87308977
IA,under18,1992,724798,56276,12.87934466
IA,under18,1993,727751,56276,12.93181818
IA,under18,1994,728397,56276,12.94329732
IA,under18,1995,726961,56276,12.91778023
IA,under18,1996,729177,56276,12.95715758
IA,under18,1997,729806,56276,12.96833464
IA,under18,1998,729943,56276,12.97076907
IA,under18,1999,732671,56276,13.01924444
IA,under18,2000,733337,56276,13.03107897
IA,under18,2001,728601,56276,12.94692231
IA,under18,2002,723685,56276,12.85956713
IA,under18,2003,720102,56276,12.79589878
IA,under18,2004,718708,56276,12.77112801
IA,under18,2005,718488,56276,12.76721871
IA,under18,2006,721703,56276,12.82434786
IA,under18,2007,723632,56276,12.85862535
IA,under18,2008,725658,56276,12.89462648
IA,under18,2009,726969,56276,12.91792238
IA,under18,2010,727717,56276,12.93121402
IA,under18,2011,725522,56276,12.89220982
IA,under18,2012,723917,56276,12.86368967
IA,under18,2013,724032,56276,12.86573317
ID,total,1990,1012384,83574,12.11362385
ID,total,1991,1041316,83574,12.45980807
ID,total,1992,1071685,83574,12.82318664
ID,total,1993,1108768,83574,13.26690119
ID,total,1994,1145140,83574,13.70210831
ID,total,1995,1177322,83574,14.08718022
ID,total,1996,1203083,83574,14.39542202
ID,total,1997,1228520,83574,14.69978702
ID,total,1998,1252330,83574,14.98468423
ID,total,1999,1275674,83574,15.26400555
ID,total,2000,1299430,83574,15.54825663
ID,total,2001,1319962,83574,15.79393113
ID,total,2002,1340372,83574,16.03814583
ID,total,2003,1363380,83574,16.31344677
ID,total,2004,1391802,83574,16.65352861
ID,total,2005,1428241,83574,17.08953742
ID,total,2006,1468669,83574,17.57327638
ID,total,2007,1505105,83574,18.00924929
ID,total,2008,1534320,83574,18.35881973
ID,total,2009,1554439,83574,18.59955249
ID,total,2010,1570718,83574,18.79433795
ID,total,2011,1583930,83574,18.9524254
ID,total,2012,1595590,83574,19.09194247
ID,total,2013,1612136,83574,19.2899227
ID,under18,1990,313373,83574,3.749647019
ID,under18,1991,316732,83574,3.789838945
ID,under18,1992,324972,83574,3.888434202
ID,under18,1993,333838,83574,3.994519827
ID,under18,1994,344242,83574,4.119008304
ID,under18,1995,349248,83574,4.178907316
ID,under18,1996,353824,83574,4.233661186
ID,under18,1997,357779,83574,4.280984517
ID,under18,1998,362189,83574,4.333752124
ID,under18,1999,366689,83574,4.387596621
ID,under18,2000,370430,83574,4.432359346
ID,under18,2001,373145,83574,4.464845526
ID,under18,2002,375986,83574,4.498839352
ID,under18,2003,379241,83574,4.537786872
ID,under18,2004,384692,83574,4.603010506
ID,under18,2005,394651,83574,4.72217436
ID,under18,2006,404753,83574,4.843049274
ID,under18,2007,415024,83574,4.965946347
ID,under18,2008,422347,83574,5.053569292
ID,under18,2009,426076,83574,5.098188432
ID,under18,2010,428961,83574,5.132708737
ID,under18,2011,428535,83574,5.127611458
ID,under18,2012,427177,83574,5.111362385
ID,under18,2013,427781,83574,5.118589513
IL,total,1990,11453316,57918,197.7505439
IL,total,1991,11568964,57918,199.7472979
IL,total,1992,11694184,57918,201.9093201
IL,total,1993,11809579,57918,203.9017059
IL,total,1994,11912585,57918,205.6801858
IL,total,1995,12008437,57918,207.3351462
IL,total,1996,12101997,57918,208.9505335
IL,total,1997,12185715,57918,210.3959909
IL,total,1998,12271847,57918,211.8831279
IL,total,1999,12359020,57918,213.3882385
IL,total,2000,12434161,57918,214.6856072
IL,total,2001,12488445,57918,215.6228634
IL,total,2002,12525556,57918,216.2636141
IL,total,2003,12556006,57918,216.7893574
IL,total,2004,12589773,57918,217.3723713
IL,total,2005,12609903,57918,217.7199316
IL,total,2006,12643955,57918,218.3078663
IL,total,2007,12695866,57918,219.2041507
IL,total,2008,12747038,57918,220.0876757
IL,total,2009,12796778,57918,220.9464761
IL,total,2010,12839695,57918,221.6874719
IL,total,2011,12855970,57918,221.9684727
IL,total,2012,12868192,57918,222.1794951
IL,total,2013,12882135,57918,222.4202321
IL,under18,1990,2940837,57918,50.77587279
IL,under18,1991,2988715,57918,51.60252426
IL,under18,1992,3033427,57918,52.37451224
IL,under18,1993,3066541,57918,52.9462516
IL,under18,1994,3110938,57918,53.71280086
IL,under18,1995,3152984,57918,54.43875824
IL,under18,1996,3192916,57918,55.12821575
IL,under18,1997,3222114,57918,55.63234228
IL,under18,1998,3225252,57918,55.68652232
IL,under18,1999,3240034,57918,55.94174523
IL,under18,2000,3244944,57918,56.02652025
IL,under18,2001,3243617,57918,56.00360855
IL,under18,2002,3238362,57918,55.91287683
IL,under18,2003,3225547,57918,55.69161573
IL,under18,2004,3211599,57918,55.4507925
IL,under18,2005,3197318,57918,55.20421976
IL,under18,2006,3181246,57918,54.92672399
IL,under18,2007,3170134,57918,54.73486654
IL,under18,2008,3153401,57918,54.44595808
IL,under18,2009,3138406,57918,54.18705756
IL,under18,2010,3122092,57918,53.90538347
IL,under18,2011,3089833,57918,53.34840637
IL,under18,2012,3057042,57918,52.78224386
IL,under18,2013,3023307,57918,52.19978245
IN,total,1990,5557798,36420,152.6029105
IN,total,1991,5616388,36420,154.211642
IN,total,1992,5674547,36420,155.8085393
IN,total,1993,5739019,36420,157.5787754
IN,total,1994,5793526,36420,159.0753981
IN,total,1995,5851459,36420,160.6660901
IN,total,1996,5906013,36420,162.1640033
IN,total,1997,5955267,36420,163.5163921
IN,total,1998,5998881,36420,164.7139209
IN,total,1999,6044970,36420,165.9794069
IN,total,2000,6091866,36420,167.2670511
IN,total,2001,6127760,36420,168.2526085
IN,total,2002,6155967,36420,169.0271005
IN,total,2003,6196638,36420,170.1438221
IN,total,2004,6233007,36420,171.1424217
IN,total,2005,6278616,36420,172.3947282
IN,total,2006,6332669,36420,173.8788852
IN,total,2007,6379599,36420,175.1674629
IN,total,2008,6424806,36420,176.4087315
IN,total,2009,6459325,36420,177.3565349
IN,total,2010,6489965,36420,178.1978309
IN,total,2011,6516336,36420,178.921911
IN,total,2012,6537782,36420,179.5107633
IN,total,2013,6570902,36420,180.4201538
IN,under18,1990,1437209,36420,39.46208127
IN,under18,1991,1450759,36420,39.8341296
IN,under18,1992,1461650,36420,40.13316859
IN,under18,1993,1473007,36420,40.44500275
IN,under18,1994,1491802,36420,40.96106535
IN,under18,1995,1507916,36420,41.40351455
IN,under18,1996,1517961,36420,41.67932455
IN,under18,1997,1539270,36420,42.26441516
IN,under18,1998,1551960,36420,42.61285008
IN,under18,1999,1566079,36420,43.00052169
IN,under18,2000,1574989,36420,43.24516749
IN,under18,2001,1579527,36420,43.36976936
IN,under18,2002,1580814,36420,43.40510708
IN,under18,2003,1582560,36420,43.45304778
IN,under18,2004,1586281,36420,43.55521691
IN,under18,2005,1593898,36420,43.76436024
IN,under18,2006,1603107,36420,44.01721582
IN,under18,2007,1609494,36420,44.19258649
IN,under18,2008,1611494,36420,44.24750137
IN,under18,2009,1609704,36420,44.19835255
IN,under18,2010,1605883,36420,44.09343767
IN,under18,2011,1598091,36420,43.87948929
IN,under18,2012,1589655,36420,43.64785832
IN,under18,2013,1586027,36420,43.54824272
KS,total,1990,2481349,82282,30.15664422
KS,total,1991,2498722,82282,30.36778396
KS,total,1992,2532395,82282,30.77702292
KS,total,1993,2556547,82282,31.07055006
KS,total,1994,2580513,82282,31.36181668
KS,total,1995,2601008,82282,31.6108991
KS,total,1996,2614554,82282,31.77552806
KS,total,1997,2635292,82282,32.02756374
KS,total,1998,2660598,82282,32.33511582
KS,total,1999,2678338,82282,32.55071583
KS,total,2000,2693681,82282,32.73718432
KS,total,2001,2702162,82282,32.84025668
KS,total,2002,2713535,82282,32.97847646
KS,total,2003,2723004,82282,33.09355631
KS,total,2004,2734373,82282,33.23172747
KS,total,2005,2745299,82282,33.36451472
KS,total,2006,2762931,82282,33.57880217
KS,total,2007,2783785,82282,33.83224764
KS,total,2008,2808076,82282,34.12746409
KS,total,2009,2832704,82282,34.42677621
KS,total,2010,2858910,82282,34.74526628
KS,total,2011,2869548,82282,34.87455337
KS,total,2012,2885398,82282,35.06718359
KS,total,2013,2893957,82282,35.17120391
KS,under18,1990,662641,82282,8.053292336
KS,under18,1991,672033,82282,8.167436377
KS,under18,1992,680871,82282,8.274847476
KS,under18,1993,687262,82282,8.352519385
KS,under18,1994,693673,82282,8.43043436
KS,under18,1995,694124,82282,8.43591551
KS,under18,1996,696298,82282,8.462336842
KS,under18,1997,704001,82282,8.555953915
KS,under18,1998,710402,82282,8.633747357
KS,under18,1999,713022,82282,8.665589072
KS,under18,2000,713887,82282,8.676101699
KS,under18,2001,710923,82282,8.64007924
KS,under18,2002,709416,82282,8.621764177
KS,under18,2003,707847,82282,8.602695608
KS,under18,2004,705456,82282,8.573637004
KS,under18,2005,704689,82282,8.564315403
KS,under18,2006,705277,82282,8.571461559
KS,under18,2007,711005,82282,8.641075812
KS,under18,2008,714689,82282,8.685848667
KS,under18,2009,721841,82282,8.772769257
KS,under18,2010,727729,82282,8.844328043
KS,under18,2011,726787,82282,8.832879609
KS,under18,2012,726668,82282,8.831433363
KS,under18,2013,724092,82282,8.800126395
KY,total,1990,3694048,40411,91.41194229
KY,total,1991,3722328,40411,92.11175175
KY,total,1992,3765469,40411,93.17930761
KY,total,1993,3812206,40411,94.33584915
KY,total,1994,3849088,40411,95.24852144
KY,total,1995,3887427,40411,96.19724827
KY,total,1996,3919536,40411,96.99180916
KY,total,1997,3952747,40411,97.81363985
KY,total,1998,3985391,40411,98.62143971
KY,total,1999,4018053,40411,99.42968499
KY,total,2000,4049021,40411,100.196011
KY,total,2001,4068132,40411,100.6689268
KY,total,2002,4089875,40411,101.2069733
KY,total,2003,4117170,40411,101.8824083
KY,total,2004,4146101,40411,102.5983272
KY,total,2005,4182742,40411,103.5050358
KY,total,2006,4219239,40411,104.4081809
KY,total,2007,4256672,40411,105.3344881
KY,total,2008,4289878,40411,106.1561951
KY,total,2009,4317074,40411,106.8291802
KY,total,2010,4347698,40411,107.5869936
KY,total,2011,4366869,40411,108.0613942
KY,total,2012,4379730,40411,108.3796491
KY,total,2013,4395295,40411,108.7648165
KY,under18,1990,945951,40411,23.40825518
KY,under18,1991,951512,40411,23.54586622
KY,under18,1992,963861,40411,23.85145134
KY,under18,1993,971134,40411,24.03142709
KY,under18,1994,981439,40411,24.28643191
KY,under18,1995,984486,40411,24.36183217
KY,under18,1996,987062,40411,24.42557719
KY,under18,1997,1002609,40411,24.81029918
KY,under18,1998,997296,40411,24.67882507
KY,under18,1999,996382,40411,24.65620747
KY,under18,2000,994984,40411,24.62161293
KY,under18,2001,994105,40411,24.59986142
KY,under18,2002,995251,40411,24.62822004
KY,under18,2003,998485,40411,24.70824775
KY,under18,2004,998459,40411,24.70760437
KY,under18,2005,1004020,40411,24.84521541
KY,under18,2006,1011295,40411,25.02524065
KY,under18,2007,1016288,40411,25.14879612
KY,under18,2008,1022001,40411,25.29016852
KY,under18,2009,1021710,40411,25.28296751
KY,under18,2010,1023679,40411,25.33169187
KY,under18,2011,1021926,40411,25.28831259
KY,under18,2012,1017350,40411,25.17507609
KY,under18,2013,1014004,40411,25.09227686
LA,total,1990,4221532,51843,81.42916112
LA,total,1991,4253279,51843,82.04152923
LA,total,1992,4293003,51843,82.80776575
LA,total,1993,4316428,51843,83.25961075
LA,total,1994,4347481,51843,83.85859229
LA,total,1995,4378779,51843,84.46229964
LA,total,1996,4398877,51843,84.8499701
LA,total,1997,4421072,51843,85.27808962
LA,total,1998,4440344,51843,85.64982736
LA,total,1999,4460811,51843,86.04461547
LA,total,2000,4471885,51843,86.25822194
LA,total,2001,4477875,51843,86.37376309
LA,total,2002,4497267,51843,86.74781552
LA,total,2003,4521042,51843,87.20641167
LA,total,2004,4552238,51843,87.80815153
LA,total,2005,4576628,51843,88.27861042
LA,total,2006,4302665,51843,82.99413614
LA,total,2007,4375581,51843,84.40061339
LA,total,2008,4435586,51843,85.55805027
LA,total,2009,4491648,51843,86.63943059
LA,total,2010,4545392,51843,87.67609899
LA,total,2011,4575197,51843,88.25100785
LA,total,2012,4602134,51843,88.77059584
LA,total,2013,4625470,51843,89.22072411
LA,under18,1990,1205984,51843,23.26223405
LA,under18,1991,1222330,51843,23.57753216
LA,under18,1992,1237034,51843,23.86115773
LA,under18,1993,1239161,51843,23.90218544
LA,under18,1994,1247631,51843,24.06556334
LA,under18,1995,1250112,51843,24.11341936
LA,under18,1996,1244627,51843,24.00761916
LA,under18,1997,1239665,51843,23.9119071
LA,under18,1998,1232984,51843,23.78303725
LA,under18,1999,1227167,51843,23.67083309
LA,under18,2000,1217670,51843,23.48764539
LA,under18,2001,1204187,51843,23.22757171
LA,under18,2002,1194819,51843,23.04687229
LA,under18,2003,1188070,51843,22.91669078
LA,under18,2004,1182731,51843,22.81370677
LA,under18,2005,1177954,51843,22.72156318
LA,under18,2006,1078779,51843,20.80857589
LA,under18,2007,1096642,51843,21.15313543
LA,under18,2008,1108728,51843,21.38626237
LA,under18,2009,1114228,51843,21.49235191
LA,under18,2010,1118576,51843,21.57622051
LA,under18,2011,1116579,51843,21.53770036
LA,under18,2012,1114620,51843,21.4999132
LA,under18,2013,1112957,51843,21.46783558
MA,total,1990,6022639,10555,570.5958314
MA,total,1991,6018470,10555,570.2008527
MA,total,1992,6028709,10555,571.1709143
MA,total,1993,6060569,10555,574.1893889
MA,total,1994,6095241,10555,577.4742776
MA,total,1995,6141445,10555,581.851729
MA,total,1996,6179756,10555,585.4813832
MA,total,1997,6226058,10555,589.8681194
MA,total,1998,6271838,10555,594.2054003
MA,total,1999,6317345,10555,598.5168167
MA,total,2000,6361104,10555,602.6626243
MA,total,2001,6397634,10555,606.1235433
MA,total,2002,6417206,10555,607.9778304
MA,total,2003,6422565,10555,608.4855519
MA,total,2004,6412281,10555,607.5112269
MA,total,2005,6403290,10555,606.6594031
MA,total,2006,6410084,10555,607.3030791
MA,total,2007,6431559,10555,609.3376599
MA,total,2008,6468967,10555,612.8817622
MA,total,2009,6517613,10555,617.4905732
MA,total,2010,6563263,10555,621.8155377
MA,total,2011,6606285,10555,625.8915206
MA,total,2012,6645303,10555,629.5881573
MA,total,2013,6692824,10555,634.0903837
MA,under18,1990,1353806,10555,128.2620559
MA,under18,1991,1375110,10555,130.2804358
MA,under18,1992,1390188,10555,131.7089531
MA,under18,1993,1415724,10555,134.1282804
MA,under18,1994,1437069,10555,136.1505448
MA,under18,1995,1453489,10555,137.7062056
MA,under18,1996,1468614,10555,139.1391757
MA,under18,1997,1478203,10555,140.0476551
MA,under18,1998,1491652,10555,141.321838
MA,under18,1999,1495818,10555,141.7165324
MA,under18,2000,1501334,10555,142.2391284
MA,under18,2001,1505028,10555,142.5891047
MA,under18,2002,1502652,10555,142.3639981
MA,under18,2003,1493372,10555,141.4847939
MA,under18,2004,1479541,10555,140.1744197
MA,under18,2005,1464140,10555,138.7153008
MA,under18,2006,1450202,10555,137.3947892
MA,under18,2007,1439757,10555,136.4052108
MA,under18,2008,1429727,10555,135.4549503
MA,under18,2009,1422935,10555,134.8114638
MA,under18,2010,1415962,10555,134.150829
MA,under18,2011,1407240,10555,133.3244908
MA,under18,2012,1399417,10555,132.5833254
MA,under18,2013,1393946,10555,132.0649929
MD,total,1990,4799770,12407,386.8598372
MD,total,1991,4867641,12407,392.3302168
MD,total,1992,4923369,12407,396.8218747
MD,total,1993,4971889,12407,400.7325703
MD,total,1994,5023060,12407,404.8569356
MD,total,1995,5070033,12407,408.6429435
MD,total,1996,5111986,12407,412.0243411
MD,total,1997,5157328,12407,415.6788909
MD,total,1998,5204464,12407,419.4780366
MD,total,1999,5254509,12407,423.5116467
MD,total,2000,5311034,12407,428.0675425
MD,total,2001,5374691,12407,433.1982752
MD,total,2002,5440389,12407,438.4935117
MD,total,2003,5496269,12407,442.9974208
MD,total,2004,5546935,12407,447.0810833
MD,total,2005,5592379,12407,450.7438543
MD,total,2006,5627367,12407,453.5638752
MD,total,2007,5653408,12407,455.662771
MD,total,2008,5684965,12407,458.2062545
MD,total,2009,5730388,12407,461.867333
MD,total,2010,5787193,12407,466.4457967
MD,total,2011,5840241,12407,470.7214476
MD,total,2012,5884868,12407,474.3183687
MD,total,2013,5928814,12407,477.8604014
MD,under18,1990,1180426,12407,95.141936
MD,under18,1991,1208898,12407,97.43676957
MD,under18,1992,1235498,12407,99.58072056
MD,under18,1993,1261738,12407,101.6956557
MD,under18,1994,1280772,12407,103.2297896
MD,under18,1995,1300695,12407,104.8355767
MD,under18,1996,1303816,12407,105.0871282
MD,under18,1997,1321306,12407,106.4968163
MD,under18,1998,1338727,12407,107.900943
MD,under18,1999,1348659,12407,108.7014589
MD,under18,2000,1356961,12407,109.3705972
MD,under18,2001,1366552,12407,110.1436286
MD,under18,2002,1375354,12407,110.8530668
MD,under18,2003,1379641,12407,111.1985976
MD,under18,2004,1383450,12407,111.5056017
MD,under18,2005,1382966,12407,111.4665914
MD,under18,2006,1377756,12407,111.0466672
MD,under18,2007,1369563,12407,110.3863142
MD,under18,2008,1359214,12407,109.5521883
MD,under18,2009,1353631,12407,109.1022004
MD,under18,2010,1351983,12407,108.9693721
MD,under18,2011,1348766,12407,108.710083
MD,under18,2012,1346235,12407,108.5060853
MD,under18,2013,1344522,12407,108.3680181
ME,total,1990,1231719,35387,34.8071043
ME,total,1991,1237081,35387,34.95862888
ME,total,1992,1238508,35387,34.99895442
ME,total,1993,1242302,35387,35.10616893
ME,total,1994,1242662,35387,35.11634216
ME,total,1995,1243481,35387,35.13948625
ME,total,1996,1249060,35387,35.29714302
ME,total,1997,1254774,35387,35.45861475
ME,total,1998,1259127,35387,35.58162602
ME,total,1999,1266808,35387,35.79868313
ME,total,2000,1277072,35387,36.08873315
ME,total,2001,1285692,35387,36.33232543
ME,total,2002,1295960,35387,36.62248848
ME,total,2003,1306513,35387,36.92070534
ME,total,2004,1313688,35387,37.12346342
ME,total,2005,1318787,35387,37.26755588
ME,total,2006,1323619,35387,37.4041032
ME,total,2007,1327040,35387,37.50077712
ME,total,2008,1330509,35387,37.59880747
ME,total,2009,1329590,35387,37.57283748
ME,total,2010,1327366,35387,37.50998954
ME,total,2011,1327844,35387,37.52349733
ME,total,2012,1328501,35387,37.54206347
ME,total,2013,1328302,35387,37.53643994
ME,under18,1990,308066,35387,8.70562636
ME,under18,1991,309871,35387,8.756633792
ME,under18,1992,310679,35387,8.779467036
ME,under18,1993,310966,35387,8.787577359
ME,under18,1994,311570,35387,8.804645774
ME,under18,1995,309173,35387,8.736909034
ME,under18,1996,307740,35387,8.696413937
ME,under18,1997,305097,35387,8.621725492
ME,under18,1998,304496,35387,8.604741854
ME,under18,1999,302321,35387,8.543278605
ME,under18,2000,301407,35387,8.517449911
ME,under18,2001,300088,35387,8.480176336
ME,under18,2002,298595,35387,8.437985701
ME,under18,2003,296786,35387,8.386865233
ME,under18,2004,294791,35387,8.330488598
ME,under18,2005,292039,35387,8.252719925
ME,under18,2006,288945,35387,8.165286687
ME,under18,2007,286185,35387,8.087291943
ME,under18,2008,282204,35387,7.974793003
ME,under18,2009,277946,35387,7.854466329
ME,under18,2010,273061,35387,7.716421285
ME,under18,2011,268737,35387,7.594229519
ME,under18,2012,264846,35387,7.484273886
ME,under18,2013,261276,35387,7.38338938
MI,total,1990,9311319,96810,96.18137589
MI,total,1991,9400446,96810,97.10201425
MI,total,1992,9479065,96810,97.91411011
MI,total,1993,9540114,96810,98.54471645
MI,total,1994,9597737,96810,99.13993389
MI,total,1995,9676211,96810,99.95053197
MI,total,1996,9758645,96810,100.8020349
MI,total,1997,9809051,96810,101.3227043
MI,total,1998,9847942,96810,101.7244293
MI,total,1999,9897116,96810,102.2323727
MI,total,2000,9952450,96810,102.8039459
MI,total,2001,9991120,96810,103.2033881
MI,total,2002,10015710,96810,103.4573908
MI,total,2003,10041152,96810,103.7201942
MI,total,2004,10055315,96810,103.8664911
MI,total,2005,10051137,96810,103.8233344
MI,total,2006,10036081,96810,103.6678132
MI,total,2007,10001284,96810,103.3083772
MI,total,2008,9946889,96810,102.7465035
MI,total,2009,9901591,96810,102.2785973
MI,total,2010,9876149,96810,102.0157938
MI,total,2011,9874589,96810,101.9996798
MI,total,2012,9882519,96810,102.0815928
MI,total,2013,9895622,96810,102.2169404
MI,under18,1990,2459633,96810,25.40680715
MI,under18,1991,2484957,96810,25.6683917
MI,under18,1992,2501765,96810,25.84201012
MI,under18,1993,2522249,96810,26.05359983
MI,under18,1994,2535196,96810,26.18733602
MI,under18,1995,2556799,96810,26.41048445
MI,under18,1996,2569745,96810,26.54421031
MI,under18,1997,2582270,96810,26.67358744
MI,under18,1998,2586343,96810,26.71565954
MI,under18,1999,2591944,96810,26.77351513
MI,under18,2000,2596114,96810,26.8165892
MI,under18,2001,2593310,96810,26.78762525
MI,under18,2002,2584310,96810,26.69465964
MI,under18,2003,2569080,96810,26.53734118
MI,under18,2004,2553314,96810,26.37448611
MI,under18,2005,2531839,96810,26.15265985
MI,under18,2006,2503548,96810,25.86042764
MI,under18,2007,2470063,96810,25.51454395
MI,under18,2008,2418879,96810,24.98583824
MI,under18,2009,2372603,96810,24.50782977
MI,under18,2010,2333121,96810,24.1
MI,under18,2011,2299116,96810,23.74874496
MI,under18,2012,2269365,96810,23.44143167
MI,under18,2013,2245201,96810,23.19182936
MN,total,1990,4389857,86943,50.49120688
MN,total,1991,4440859,86943,51.0778211
MN,total,1992,4495572,86943,51.70711846
MN,total,1993,4555956,86943,52.40164246
MN,total,1994,4610355,86943,53.02732825
MN,total,1995,4660180,86943,53.60040486
MN,total,1996,4712827,86943,54.20593952
MN,total,1997,4763390,86943,54.78750446
MN,total,1998,4813412,86943,55.36284692
MN,total,1999,4873481,86943,56.05374786
MN,total,2000,4933692,86943,56.74628205
MN,total,2001,4982796,86943,57.31106587
MN,total,2002,5018935,86943,57.72672901
MN,total,2003,5053572,86943,58.12511646
MN,total,2004,5087713,86943,58.51779902
MN,total,2005,5119598,86943,58.88453354
MN,total,2006,5163555,86943,59.39011766
MN,total,2007,5207203,86943,59.89214773
MN,total,2008,5247018,86943,60.35009144
MN,total,2009,5281203,86943,60.74328008
MN,total,2010,5310337,86943,61.07837319
MN,total,2011,5347108,86943,61.50130545
MN,total,2012,5379646,86943,61.87555065
MN,total,2013,5420380,86943,62.3440645
MN,under18,1990,1176680,86943,13.53392453
MN,under18,1991,1191207,86943,13.70101101
MN,under18,1992,1213068,86943,13.95245161
MN,under18,1993,1226723,86943,14.10950853
MN,under18,1994,1238949,86943,14.2501294
MN,under18,1995,1245932,86943,14.33044638
MN,under18,1996,1252722,86943,14.40854353
MN,under18,1997,1264250,86943,14.54113615
MN,under18,1998,1275940,86943,14.67559205
MN,under18,1999,1283102,86943,14.75796786
MN,under18,2000,1289715,86943,14.83402919
MN,under18,2001,1291261,86943,14.85181096
MN,under18,2002,1288795,86943,14.82344755
MN,under18,2003,1283687,86943,14.76469641
MN,under18,2004,1281946,86943,14.7446718
MN,under18,2005,1280557,86943,14.72869581
MN,under18,2006,1282381,86943,14.74967507
MN,under18,2007,1285074,86943,14.78064939
MN,under18,2008,1284179,86943,14.77035529
MN,under18,2009,1284103,86943,14.76948115
MN,under18,2010,1282693,86943,14.75326363
MN,under18,2011,1280424,86943,14.72716607
MN,under18,2012,1278050,86943,14.69986083
MN,under18,2013,1279111,86943,14.71206423
MO,total,1990,5128880,69709,73.57557848
MO,total,1991,5170800,69709,74.17693555
MO,total,1992,5217101,69709,74.84113959
MO,total,1993,5271175,69709,75.61685005
MO,total,1994,5324497,69709,76.3817728
MO,total,1995,5378247,69709,77.15283536
MO,total,1996,5431553,69709,77.91752858
MO,total,1997,5481193,69709,78.62963175
MO,total,1998,5521765,69709,79.21165129
MO,total,1999,5561948,69709,79.78809049
MO,total,2000,5607285,69709,80.43846562
MO,total,2001,5641142,69709,80.92415613
MO,total,2002,5674825,69709,81.40735056
MO,total,2003,5709403,69709,81.90338407
MO,total,2004,5747741,69709,82.45335609
MO,total,2005,5790300,69709,83.06387984
MO,total,2006,5842704,69709,83.81563356
MO,total,2007,5887612,69709,84.45985454
MO,total,2008,5923916,69709,84.98064812
MO,total,2009,5961088,69709,85.51389347
MO,total,2010,5996063,69709,86.01562209
MO,total,2011,6010065,69709,86.21648568
MO,total,2012,6024522,69709,86.4238764
MO,total,2013,6044171,69709,86.70574818
MO,under18,1990,1316423,69709,18.88454862
MO,under18,1991,1332306,69709,19.11239582
MO,under18,1992,1349729,69709,19.36233485
MO,under18,1993,1365903,69709,19.59435654
MO,under18,1994,1378700,69709,19.77793398
MO,under18,1995,1393554,69709,19.99101981
MO,under18,1996,1408732,69709,20.20875353
MO,under18,1997,1419837,69709,20.36805864
MO,under18,1998,1428999,69709,20.49949074
MO,under18,1999,1428047,69709,20.48583397
MO,under18,2000,1428383,69709,20.490654
MO,under18,2001,1426575,69709,20.46471761
MO,under18,2002,1424513,69709,20.4351375
MO,under18,2003,1421927,69709,20.39804043
MO,under18,2004,1420956,69709,20.38411109
MO,under18,2005,1422978,69709,20.41311739
MO,under18,2006,1428324,69709,20.48980763
MO,under18,2007,1431346,69709,20.53315928
MO,under18,2008,1428945,69709,20.49871609
MO,under18,2009,1426603,69709,20.46511928
MO,under18,2010,1424042,69709,20.42838084
MO,under18,2011,1414444,69709,20.29069417
MO,under18,2012,1405015,69709,20.15543187
MO,under18,2013,1397685,69709,20.05028045
MS,total,1990,2578897,48434,53.24559194
MS,total,1991,2598733,48434,53.65513895
MS,total,1992,2623734,48434,54.17132593
MS,total,1993,2655100,48434,54.81892885
MS,total,1994,2688992,48434,55.51868522
MS,total,1995,2722659,48434,56.21379609
MS,total,1996,2748085,48434,56.7387579
MS,total,1997,2777004,48434,57.33583846
MS,total,1998,2804834,48434,57.91043482
MS,total,1999,2828408,48434,58.39715902
MS,total,2000,2848353,48434,58.80895652
MS,total,2001,2852994,48434,58.90477764
MS,total,2002,2858681,48434,59.02219515
MS,total,2003,2868312,48434,59.22104307
MS,total,2004,2889010,48434,59.6483875
MS,total,2005,2905943,48434,59.99799727
MS,total,2006,2904978,48434,59.97807325
MS,total,2007,2928350,48434,60.46062683
MS,total,2008,2947806,48434,60.86232812
MS,total,2009,2958774,48434,61.08878061
MS,total,2010,2970047,48434,61.32153033
MS,total,2011,2977886,48434,61.48337944
MS,total,2012,2986450,48434,61.66019738
MS,total,2013,2991207,48434,61.75841351
MS,under18,1990,733660,48434,15.14762357
MS,under18,1991,738911,48434,15.25603915
MS,under18,1992,750224,48434,15.48961473
MS,under18,1993,755820,48434,15.6051534
MS,under18,1994,763795,48434,15.76981046
MS,under18,1995,767892,48434,15.8543998
MS,under18,1996,769680,48434,15.89131602
MS,under18,1997,774832,48434,15.99768757
MS,under18,1998,773721,48434,15.97474914
MS,under18,1999,775662,48434,16.0148243
MS,under18,2000,774353,48434,15.98779783
MS,under18,2001,768418,48434,15.86525994
MS,under18,2002,763148,48434,15.75645208
MS,under18,2003,759447,48434,15.68003882
MS,under18,2004,760410,48434,15.69992154
MS,under18,2005,760870,48434,15.709419
MS,under18,2006,756990,48434,15.62930999
MS,under18,2007,761171,48434,15.71563365
MS,under18,2008,760572,48434,15.7032663
MS,under18,2009,758539,48434,15.66129165
MS,under18,2010,754111,48434,15.56986827
MS,under18,2011,747742,48434,15.43836974
MS,under18,2012,742941,48434,15.33924516
MS,under18,2013,737432,48434,15.22550275
MT,total,1990,800204,147046,5.44186173
MT,total,1991,809680,147046,5.50630415
MT,total,1992,825770,147046,5.615725691
MT,total,1993,844761,147046,5.744875753
MT,total,1994,861306,147046,5.857391565
MT,total,1995,876553,147046,5.961080206
MT,total,1996,886254,147046,6.027052759
MT,total,1997,889865,147046,6.0516097
MT,total,1998,892431,147046,6.069060022
MT,total,1999,897508,147046,6.103586633
MT,total,2000,903773,147046,6.146192348
MT,total,2001,906961,147046,6.167872638
MT,total,2002,911667,147046,6.199876229
MT,total,2003,919630,147046,6.254029351
MT,total,2004,930009,147046,6.324612706
MT,total,2005,940102,147046,6.393251091
MT,total,2006,952692,147046,6.478870558
MT,total,2007,964706,147046,6.560572882
MT,total,2008,976415,147046,6.640201026
MT,total,2009,983982,147046,6.691661113
MT,total,2010,990527,147046,6.736170994
MT,total,2011,997600,147046,6.784271588
MT,total,2012,1005494,147046,6.83795547
MT,total,2013,1015165,147046,6.903724005
MT,under18,1990,223677,147046,1.521136243
MT,under18,1991,225259,147046,1.531894781
MT,under18,1992,230868,147046,1.570039307
MT,under18,1993,234987,147046,1.59805095
MT,under18,1994,237289,147046,1.613705915
MT,under18,1995,236583,147046,1.608904696
MT,under18,1996,235294,147046,1.600138732
MT,under18,1997,232813,147046,1.583266461
MT,under18,1998,231746,147046,1.576010228
MT,under18,1999,231133,147046,1.571841465
MT,under18,2000,230067,147046,1.564592032
MT,under18,2001,227118,147046,1.544537084
MT,under18,2002,224772,147046,1.528582892
MT,under18,2003,223012,147046,1.516613849
MT,under18,2004,221999,147046,1.509724848
MT,under18,2005,221685,147046,1.507589462
MT,under18,2006,221930,147046,1.509255607
MT,under18,2007,223135,147046,1.517450322
MT,under18,2008,223814,147046,1.522067924
MT,under18,2009,223675,147046,1.521122642
MT,under18,2010,223292,147046,1.518518015
MT,under18,2011,222977,147046,1.516375828
MT,under18,2012,222905,147046,1.515886185
MT,under18,2013,223981,147046,1.523203623
NC,total,1990,6664016,53821,123.8181379
NC,total,1991,6784280,53821,126.052656
NC,total,1992,6897214,53821,128.150982
NC,total,1993,7042818,53821,130.85632
NC,total,1994,7187398,53821,133.5426321
NC,total,1995,7344674,53821,136.4648371
NC,total,1996,7500670,53821,139.3632597
NC,total,1997,7656825,53821,142.2646365
NC,total,1998,7809122,53821,145.0943312
NC,total,1999,7949362,53821,147.7000056
NC,total,2000,8081614,53821,150.157262
NC,total,2001,8210122,53821,152.5449546
NC,total,2002,8326201,53821,154.7017149
NC,total,2003,8422501,53821,156.4909794
NC,total,2004,8553152,53821,158.9184891
NC,total,2005,8705407,53821,161.7474034
NC,total,2006,8917270,53821,165.6838409
NC,total,2007,9118037,53821,169.4141135
NC,total,2008,9309449,53821,172.9705691
NC,total,2009,9449566,53821,175.5739581
NC,total,2010,9559533,53821,177.6171569
NC,total,2011,9651377,53821,179.3236283
NC,total,2012,9748364,53821,181.1256573
NC,total,2013,9848060,53821,182.9780197
NC,under18,1990,1625804,53821,30.20761413
NC,under18,1991,1640394,53821,30.47869791
NC,under18,1992,1674144,53821,31.10577656
NC,under18,1993,1710267,53821,31.7769458
NC,under18,1994,1750754,53821,32.52919864
NC,under18,1995,1785150,53821,33.16828004
NC,under18,1996,1821506,53821,33.84377845
NC,under18,1997,1861621,53821,34.58911949
NC,under18,1998,1894753,53821,35.20471563
NC,under18,1999,1932141,53821,35.89938871
NC,under18,2000,1967626,53821,36.55870385
NC,under18,2001,2003782,53821,37.23048624
NC,under18,2002,2034451,53821,37.80031958
NC,under18,2003,2060838,53821,38.29059289
NC,under18,2004,2085165,53821,38.74259118
NC,under18,2005,2122485,53821,39.43600082
NC,under18,2006,2166393,53821,40.25181621
NC,under18,2007,2219168,53821,41.23238141
NC,under18,2008,2252101,53821,41.84428011
NC,under18,2009,2272955,53821,42.23174969
NC,under18,2010,2282288,53821,42.40515784
NC,under18,2011,2284238,53821,42.44138905
NC,under18,2012,2284122,53821,42.43923376
NC,under18,2013,2285605,53821,42.46678806
ND,total,1990,637685,70704,9.019079543
ND,total,1991,635753,70704,8.991754356
ND,total,1992,638223,70704,9.02668873
ND,total,1993,641216,70704,9.06902014
ND,total,1994,644806,70704,9.119795203
ND,total,1995,647832,70704,9.162593347
ND,total,1996,650382,70704,9.198659199
ND,total,1997,649716,70704,9.189239647
ND,total,1998,647532,70704,9.158350305
ND,total,1999,644259,70704,9.112058724
ND,total,2000,642023,70704,9.080433922
ND,total,2001,639062,70704,9.038555103
ND,total,2002,638168,70704,9.02591084
ND,total,2003,638817,70704,9.035089952
ND,total,2004,644705,70704,9.118366712
ND,total,2005,646089,70704,9.137941276
ND,total,2006,649422,70704,9.185081466
ND,total,2007,652822,70704,9.233169269
ND,total,2008,657569,70704,9.300308328
ND,total,2009,664968,70704,9.404955872
ND,total,2010,674344,70704,9.53756506
ND,total,2011,684867,70704,9.686396809
ND,total,2012,701345,70704,9.919452931
ND,total,2013,723393,70704,10.23128819
ND,under18,1990,170920,70704,2.417402127
ND,under18,1991,171730,70704,2.428858339
ND,under18,1992,172052,70704,2.433412537
ND,under18,1993,172168,70704,2.435053179
ND,under18,1994,172160,70704,2.434940032
ND,under18,1995,171146,70704,2.420598552
ND,under18,1996,169257,70704,2.393881534
ND,under18,1997,167475,70704,2.368677868
ND,under18,1998,165448,70704,2.340009052
ND,under18,1999,163056,70704,2.306177868
ND,under18,2000,160477,70704,2.269701856
ND,under18,2001,156113,70704,2.207979747
ND,under18,2002,153097,70704,2.165323037
ND,under18,2003,150406,70704,2.127262955
ND,under18,2004,149128,70704,2.109187599
ND,under18,2005,148119,70704,2.094916836
ND,under18,2006,147331,70704,2.083771781
ND,under18,2007,147263,70704,2.082810025
ND,under18,2008,147462,70704,2.085624576
ND,under18,2009,148674,70704,2.102766463
ND,under18,2010,150179,70704,2.124052387
ND,under18,2011,152357,70704,2.154856868
ND,under18,2012,156765,70704,2.21720129
ND,under18,2013,162688,70704,2.300973071
NE,total,1990,1581660,77358,20.44597844
NE,total,1991,1595919,77358,20.63030327
NE,total,1992,1611687,77358,20.8341348
NE,total,1993,1625590,77358,21.01385765
NE,total,1994,1639041,77358,21.18773753
NE,total,1995,1656993,77358,21.41980144
NE,total,1996,1673740,77358,21.63628843
NE,total,1997,1686418,77358,21.80017581
NE,total,1998,1695817,77358,21.92167584
NE,total,1999,1704764,77358,22.03733292
NE,total,2000,1713820,77358,22.15439903
NE,total,2001,1719836,77358,22.23216733
NE,total,2002,1728292,77358,22.34147729
NE,total,2003,1738643,77358,22.47528375
NE,total,2004,1749370,77358,22.61395072
NE,total,2005,1761497,77358,22.77071538
NE,total,2006,1772693,77358,22.91544507
NE,total,2007,1783440,77358,23.05437059
NE,total,2008,1796378,77358,23.22161897
NE,total,2009,1812683,77358,23.43239225
NE,total,2010,1829838,77358,23.65415342
NE,total,2011,1841749,77358,23.80812586
NE,total,2012,1855350,77358,23.98394478
NE,total,2013,1868516,77358,24.15414049
NE,under18,1990,430068,77358,5.559450865
NE,under18,1991,434525,77358,5.617066108
NE,under18,1992,436378,77358,5.641019675
NE,under18,1993,439313,77358,5.678960159
NE,under18,1994,442589,77358,5.72130872
NE,under18,1995,444418,77358,5.744952041
NE,under18,1996,446841,77358,5.776273947
NE,under18,1997,450076,77358,5.818092505
NE,under18,1998,451192,77358,5.832518938
NE,under18,1999,451047,77358,5.830644536
NE,under18,2000,450380,77358,5.822022286
NE,under18,2001,448307,77358,5.795224799
NE,under18,2002,447714,77358,5.787559141
NE,under18,2003,447444,77358,5.784068875
NE,under18,2004,448360,77358,5.795909925
NE,under18,2005,448918,77358,5.803123142
NE,under18,2006,450098,77358,5.818376897
NE,under18,2007,451946,77358,5.842265829
NE,under18,2008,453787,77358,5.866064273
NE,under18,2009,456543,77358,5.90169084
NE,under18,2010,459621,77358,5.941479873
NE,under18,2011,460872,77358,5.957651439
NE,under18,2012,462673,77358,5.980932806
NE,under18,2013,464348,77358,6.002585382
NH,total,1990,1112384,9351,118.9588279
NH,total,1991,1109929,9351,118.6962892
NH,total,1992,1117785,9351,119.5364132
NH,total,1993,1129458,9351,120.7847289
NH,total,1994,1142561,9351,122.1859694
NH,total,1995,1157561,9351,123.7900759
NH,total,1996,1174719,9351,125.6249599
NH,total,1997,1189425,9351,127.1976259
NH,total,1998,1205941,9351,128.9638541
NH,total,1999,1222015,9351,130.6828147
NH,total,2000,1239882,9351,132.5935194
NH,total,2001,1255517,9351,134.2655331
NH,total,2002,1269089,9351,135.7169287
NH,total,2003,1279840,9351,136.8666453
NH,total,2004,1290121,9351,137.9660999
NH,total,2005,1298492,9351,138.8612983
NH,total,2006,1308389,9351,139.9196877
NH,total,2007,1312540,9351,140.3635975
NH,total,2008,1315906,9351,140.723559
NH,total,2009,1316102,9351,140.7445193
NH,total,2010,1316614,9351,140.7992728
NH,total,2011,1318075,9351,140.9555128
NH,total,2012,1321617,9351,141.3342958
NH,total,2013,1323459,9351,141.5312801
NH,under18,1990,277454,9351,29.67105122
NH,under18,1991,281127,9351,30.06384344
NH,under18,1992,286314,9351,30.61854347
NH,under18,1993,290409,9351,31.05646455
NH,under18,1994,295563,9351,31.60763555
NH,under18,1995,298246,9351,31.89455673
NH,under18,1996,300161,9351,32.09934766
NH,under18,1997,302834,9351,32.38519944
NH,under18,1998,307292,9351,32.8619399
NH,under18,1999,308423,9351,32.98288953
NH,under18,2000,310352,9351,33.18917763
NH,under18,2001,311877,9351,33.35226179
NH,under18,2002,312743,9351,33.44487221
NH,under18,2003,311412,9351,33.30253449
NH,under18,2004,309243,9351,33.07058069
NH,under18,2005,307403,9351,32.87381029
NH,under18,2006,305169,9351,32.63490536
NH,under18,2007,300918,9351,32.18030157
NH,under18,2008,296029,9351,31.65746979
NH,under18,2009,290850,9351,31.10362528
NH,under18,2010,285702,9351,30.55309593
NH,under18,2011,280486,9351,29.99529462
NH,under18,2012,275818,9351,29.49609667
NH,under18,2013,271122,9351,28.9939044
NJ,total,1990,7762963,8722,890.0439119
NJ,total,1991,7814676,8722,895.972942
NJ,total,1992,7880508,8722,903.5207521
NJ,total,1993,7948915,8722,911.3637927
NJ,total,1994,8014306,8722,918.861041
NJ,total,1995,8083242,8722,926.7647329
NJ,total,1996,8149596,8722,934.3723917
NJ,total,1997,8218808,8722,942.3077276
NJ,total,1998,8287418,8722,950.1740427
NJ,total,1999,8359592,8722,958.4489796
NJ,total,2000,8430621,8722,966.5926393
NJ,total,2001,8492671,8722,973.7068333
NJ,total,2002,8552643,8722,980.5827792
NJ,total,2003,8601402,8722,986.1731254
NJ,total,2004,8634561,8722,989.9748911
NJ,total,2005,8651974,8722,991.9713368
NJ,total,2006,8661679,8722,993.0840404
NJ,total,2007,8677885,8722,994.9421004
NJ,total,2008,8711090,8722,998.7491401
NJ,total,2009,8755602,8722,1003.852557
NJ,total,2010,8802707,8722,1009.253268
NJ,total,2011,8836639,8722,1013.14366
NJ,total,2012,8867749,8722,1016.710502
NJ,total,2013,8899339,8722,1020.332378
NJ,under18,1990,1818187,8722,208.4598716
NJ,under18,1991,1849605,8722,212.0620271
NJ,under18,1992,1890108,8722,216.7058014
NJ,under18,1993,1928623,8722,221.1216464
NJ,under18,1994,1968232,8722,225.6629213
NJ,under18,1995,1997187,8722,228.9826875
NJ,under18,1996,2016502,8722,231.1972025
NJ,under18,1997,2028349,8722,232.5554919
NJ,under18,1998,2042080,8722,234.1297867
NJ,under18,1999,2066678,8722,236.9500115
NJ,under18,2000,2088885,8722,239.4961018
NJ,under18,2001,2102838,8722,241.0958496
NJ,under18,2002,2116591,8722,242.6726668
NJ,under18,2003,2126014,8722,243.7530383
NJ,under18,2004,2129051,8722,244.1012382
NJ,under18,2005,2121878,8722,243.2788351
NJ,under18,2006,2106403,8722,241.5045861
NJ,under18,2007,2091023,8722,239.7412291
NJ,under18,2008,2076366,8722,238.0607659
NJ,under18,2009,2068684,8722,237.1800046
NJ,under18,2010,2062013,8722,236.4151571
NJ,under18,2011,2049453,8722,234.9751204
NJ,under18,2012,2035106,8722,233.3301995
NJ,under18,2013,2022117,8722,231.8409768
NM,total,1990,1521574,121593,12.51366444
NM,total,1991,1555305,121593,12.7910735
NM,total,1992,1595442,121593,13.12116651
NM,total,1993,1636453,121593,13.45844744
NM,total,1994,1682398,121593,13.83630637
NM,total,1995,1720394,121593,14.14879146
NM,total,1996,1752326,121593,14.41140526
NM,total,1997,1774839,121593,14.59655572
NM,total,1998,1793484,121593,14.74989514
NM,total,1999,1808082,121593,14.8699514
NM,total,2000,1821204,121593,14.97786879
NM,total,2001,1831690,121593,15.06410731
NM,total,2002,1855309,121593,15.25835369
NM,total,2003,1877574,121593,15.44146456
NM,total,2004,1903808,121593,15.65721711
NM,total,2005,1932274,121593,15.89132598
NM,total,2006,1962137,121593,16.136924
NM,total,2007,1990070,121593,16.3666494
NM,total,2008,2010662,121593,16.53600125
NM,total,2009,2036802,121593,16.75098073
NM,total,2010,2064982,121593,16.98273749
NM,total,2011,2077919,121593,17.08913342
NM,total,2012,2083540,121593,17.13536141
NM,total,2013,2085287,121593,17.14972901
NM,under18,1990,453538,121593,3.729968008
NM,under18,1991,461811,121593,3.798006464
NM,under18,1992,473176,121593,3.891474016
NM,under18,1993,487742,121593,4.011267096
NM,under18,1994,497542,121593,4.091863841
NM,under18,1995,504558,121593,4.149564531
NM,under18,1996,508100,121593,4.178694497
NM,under18,1997,514500,121593,4.231329106
NM,under18,1998,512801,121593,4.217356262
NM,under18,1999,511135,121593,4.203654816
NM,under18,2000,508132,121593,4.17895767
NM,under18,2001,503404,121593,4.140073853
NM,under18,2002,502779,121593,4.134933754
NM,under18,2003,500777,121593,4.118468991
NM,under18,2004,501184,121593,4.121816223
NM,under18,2005,502612,121593,4.13356032
NM,under18,2006,505125,121593,4.154227628
NM,under18,2007,508725,121593,4.183834596
NM,under18,2008,511214,121593,4.204304524
NM,under18,2009,515470,121593,4.239306539
NM,under18,2010,518763,121593,4.26638869
NM,under18,2011,516513,121593,4.247884335
NM,under18,2012,512314,121593,4.213351098
NM,under18,2013,507540,121593,4.174088969
NV,total,1990,1220695,110567,11.04031944
NV,total,1991,1296172,110567,11.72295531
NV,total,1992,1351367,110567,12.22215489
NV,total,1993,1411215,110567,12.76343755
NV,total,1994,1499298,110567,13.56008574
NV,total,1995,1581578,110567,14.30424991
NV,total,1996,1666320,110567,15.07068113
NV,total,1997,1764104,110567,15.95506797
NV,total,1998,1853192,110567,16.76080567
NV,total,1999,1934718,110567,17.49815044
NV,total,2000,2018741,110567,18.25807881
NV,total,2001,2098399,110567,18.97852886
NV,total,2002,2173791,110567,19.66039596
NV,total,2003,2248850,110567,20.33925131
NV,total,2004,2346222,110567,21.21991191
NV,total,2005,2432143,110567,21.99700634
NV,total,2006,2522658,110567,22.81565024
NV,total,2007,2601072,110567,23.52484919
NV,total,2008,2653630,110567,24.00019897
NV,total,2009,2684665,110567,24.28088851
NV,total,2010,2703230,110567,24.44879575
NV,total,2011,2717951,110567,24.58193674
NV,total,2012,2754354,110567,24.91117603
NV,total,2013,2790136,110567,25.23479881
NV,under18,1990,316406,110567,2.861667586
NV,under18,1991,325033,110567,2.939692675
NV,under18,1992,337396,110567,3.051507231
NV,under18,1993,354990,110567,3.210632467
NV,under18,1994,376745,110567,3.407390994
NV,under18,1995,396223,110567,3.583555672
NV,under18,1996,419133,110567,3.790760353
NV,under18,1997,443626,110567,4.012282146
NV,under18,1998,469424,110567,4.245606736
NV,under18,1999,493701,110567,4.465174962
NV,under18,2000,516018,110567,4.667016379
NV,under18,2001,534708,110567,4.836054157
NV,under18,2002,552816,110567,4.999828158
NV,under18,2003,568963,110567,5.145866307
NV,under18,2004,591314,110567,5.348015231
NV,under18,2005,611595,110567,5.531442474
NV,under18,2006,634403,110567,5.737724638
NV,under18,2007,654053,110567,5.915444934
NV,under18,2008,662621,110567,5.99293641
NV,under18,2009,666041,110567,6.023867881
NV,under18,2010,663180,110567,5.997992168
NV,under18,2011,659236,110567,5.962321488
NV,under18,2012,659655,110567,5.966111046
NV,under18,2013,661605,110567,5.983747411
NY,total,1990,18020784,54475,330.8083341
NY,total,1991,18122510,54475,332.6757228
NY,total,1992,18246653,54475,334.9546214
NY,total,1993,18374954,54475,337.3098486
NY,total,1994,18459470,54475,338.8613125
NY,total,1995,18524104,54475,340.0478017
NY,total,1996,18588460,54475,341.2291877
NY,total,1997,18656546,54475,342.4790454
NY,total,1998,18755906,54475,344.3030014
NY,total,1999,18882725,54475,346.6310234
NY,total,2000,19001780,54475,348.8165213
NY,total,2001,19082838,54475,350.3045067
NY,total,2002,19137800,54475,351.3134465
NY,total,2003,19175939,54475,352.0135659
NY,total,2004,19171567,54475,351.9333089
NY,total,2005,19132610,54475,351.2181735
NY,total,2006,19104631,54475,350.7045617
NY,total,2007,19132335,54475,351.2131253
NY,total,2008,19212436,54475,352.6835429
NY,total,2009,19307066,54475,354.42067
NY,total,2010,19398228,54475,356.0941349
NY,total,2011,19502728,54475,358.0124461
NY,total,2012,19576125,54475,359.3597981
NY,total,2013,19651127,54475,360.7366131
NY,under18,1990,4281643,54475,78.59831115
NY,under18,1991,4372727,54475,80.27034419
NY,under18,1992,4465539,54475,81.97409821
NY,under18,1993,4538171,54475,83.30740707
NY,under18,1994,4605284,54475,84.5394034
NY,under18,1995,4648419,54475,85.33123451
NY,under18,1996,4667647,54475,85.68420376
NY,under18,1997,4670787,54475,85.74184488
NY,under18,1998,4652140,54475,85.39954107
NY,under18,1999,4672587,54475,85.77488756
NY,under18,2000,4687374,54475,86.04633318
NY,under18,2001,4672425,54475,85.77191372
NY,under18,2002,4652232,54475,85.40122992
NY,under18,2003,4619506,54475,84.80047728
NY,under18,2004,4574065,54475,83.96631482
NY,under18,2005,4514456,54475,82.87206976
NY,under18,2006,4457777,54475,81.83161083
NY,under18,2007,4410949,54475,80.97198715
NY,under18,2008,4372170,54475,80.26011932
NY,under18,2009,4342926,54475,79.72328591
NY,under18,2010,4318033,54475,79.266324
NY,under18,2011,4294555,54475,78.83533731
NY,under18,2012,4264694,54475,78.2871776
NY,under18,2013,4239976,54475,77.83342818
OH,total,1990,10864162,44828,242.352146
OH,total,1991,10945762,44828,244.1724369
OH,total,1992,11029431,44828,246.0388819
OH,total,1993,11101140,44828,247.6385295
OH,total,1994,11152455,44828,248.7832382
OH,total,1995,11202751,44828,249.9052155
OH,total,1996,11242827,44828,250.7992103
OH,total,1997,11277357,44828,251.5694878
OH,total,1998,11311536,44828,252.3319354
OH,total,1999,11335454,44828,252.8654859
OH,total,2000,11363543,44828,253.4920808
OH,total,2001,11387404,44828,254.0243598
OH,total,2002,11407889,44828,254.4813286
OH,total,2003,11434788,44828,255.0813777
OH,total,2004,11452251,44828,255.4709333
OH,total,2005,11463320,44828,255.7178549
OH,total,2006,11481213,44828,256.1170028
OH,total,2007,11500468,44828,256.5465334
OH,total,2008,11515391,44828,256.879428
OH,total,2009,11528896,44828,257.1806906
OH,total,2010,11545435,44828,257.5496342
OH,total,2011,11549772,44828,257.6463817
OH,total,2012,11553031,44828,257.7190818
OH,total,2013,11570808,44828,258.115642
OH,under18,1990,2778491,44828,61.98115017
OH,under18,1991,2806959,44828,62.6161997
OH,under18,1992,2839356,44828,63.33889533
OH,under18,1993,2855785,44828,63.70538503
OH,under18,1994,2875397,44828,64.14287945
OH,under18,1995,2879930,44828,64.24399929
OH,under18,1996,2883443,44828,64.32236549
OH,under18,1997,2897375,44828,64.63315339
OH,under18,1998,2896255,44828,64.608169
OH,under18,1999,2893270,44828,64.54158115
OH,under18,2000,2886585,44828,64.39245561
OH,under18,2001,2878123,44828,64.20368966
OH,under18,2002,2865674,44828,63.92598376
OH,under18,2003,2849573,44828,63.56681092
OH,under18,2004,2836068,44828,63.26554832
OH,under18,2005,2819794,44828,62.90251628
OH,under18,2006,2804828,44828,62.56866244
OH,under18,2007,2790347,44828,62.24562773
OH,under18,2008,2768968,44828,61.76871598
OH,under18,2009,2748051,44828,61.30211029
OH,under18,2010,2722589,44828,60.73411707
OH,under18,2011,2693469,44828,60.08452307
OH,under18,2012,2668125,44828,59.51916213
OH,under18,2013,2649830,44828,59.11104667
OK,total,1990,3148825,69903,45.04563467
OK,total,1991,3175440,69903,45.42637655
OK,total,1992,3220517,69903,46.07122727
OK,total,1993,3252285,69903,46.52568559
OK,total,1994,3280940,69903,46.93561077
OK,total,1995,3308208,69903,47.32569418
OK,total,1996,3340129,69903,47.78234124
OK,total,1997,3372918,69903,48.25140552
OK,total,1998,3405194,69903,48.71313105
OK,total,1999,3437148,69903,49.1702502
OK,total,2000,3454365,69903,49.41654865
OK,total,2001,3467100,69903,49.59872967
OK,total,2002,3489080,69903,49.91316539
OK,total,2003,3504892,69903,50.13936455
OK,total,2004,3525233,69903,50.43035349
OK,total,2005,3548597,69903,50.76458807
OK,total,2006,3594090,69903,51.4153899
OK,total,2007,3634349,69903,51.99131654
OK,total,2008,3668976,69903,52.48667439
OK,total,2009,3717572,69903,53.1818663
OK,total,2010,3759263,69903,53.77827847
OK,total,2011,3785534,69903,54.15409925
OK,total,2012,3815780,69903,54.58678454
OK,total,2013,3850568,69903,55.08444559
OK,under18,1990,841715,69903,12.04118564
OK,under18,1991,849639,69903,12.15454272
OK,under18,1992,862548,69903,12.33921291
OK,under18,1993,870137,69903,12.44777763
OK,under18,1994,877803,69903,12.55744389
OK,under18,1995,883667,69903,12.64133156
OK,under18,1996,887093,69903,12.69034233
OK,under18,1997,893835,69903,12.78679027
OK,under18,1998,898501,69903,12.85353991
OK,under18,1999,895678,69903,12.81315537
OK,under18,2000,891847,69903,12.75835086
OK,under18,2001,885218,69903,12.66351945
OK,under18,2002,884961,69903,12.65984293
OK,under18,2003,883959,69903,12.64550878
OK,under18,2004,881606,69903,12.61184785
OK,under18,2005,885316,69903,12.66492139
OK,under18,2006,894761,69903,12.80003719
OK,under18,2007,904328,69903,12.93689827
OK,under18,2008,910617,69903,13.0268658
OK,under18,2009,922711,69903,13.19987697
OK,under18,2010,931483,69903,13.32536515
OK,under18,2011,935714,69903,13.38589188
OK,under18,2012,939911,69903,13.44593222
OK,under18,2013,947027,69903,13.54773043
OR,total,1990,2860375,98386,29.07298803
OR,total,1991,2928507,98386,29.76548493
OR,total,1992,2991755,98386,30.40834062
OR,total,1993,3060367,98386,31.10571626
OR,total,1994,3121264,98386,31.72467628
OR,total,1995,3184369,98386,32.36607851
OR,total,1996,3247111,98386,33.00379119
OR,total,1997,3304310,98386,33.58516456
OR,total,1998,3352449,98386,34.07445165
OR,total,1999,3393941,98386,34.49617832
OR,total,2000,3429708,98386,34.85971581
OR,total,2001,3467937,98386,35.24827719
OR,total,2002,3513424,98386,35.71060923
OR,total,2003,3547376,98386,36.05569898
OR,total,2004,3569463,98386,36.2801923
OR,total,2005,3613202,98386,36.72475759
OR,total,2006,3670883,98386,37.31103002
OR,total,2007,3722417,98386,37.83482406
OR,total,2008,3768748,98386,38.30573456
OR,total,2009,3808600,98386,38.71079219
OR,total,2010,3837208,98386,39.00156526
OR,total,2011,3867937,98386,39.31389629
OR,total,2012,3899801,98386,39.6377635
OR,total,2013,3930065,98386,39.94536824
OR,under18,1990,742436,98386,7.546154941
OR,under18,1991,752442,98386,7.647856402
OR,under18,1992,770191,98386,7.828258085
OR,under18,1993,778973,98386,7.917518753
OR,under18,1994,793435,98386,8.064511211
OR,under18,1995,806512,98386,8.197426463
OR,under18,1996,816102,98386,8.294899681
OR,under18,1997,830002,98386,8.436179944
OR,under18,1998,837928,98386,8.516740187
OR,under18,1999,843484,98386,8.573211636
OR,under18,2000,847511,98386,8.614142256
OR,under18,2001,848663,98386,8.625851239
OR,under18,2002,850733,98386,8.646890818
OR,under18,2003,850251,98386,8.641991747
OR,under18,2004,846786,98386,8.606773321
OR,under18,2005,849323,98386,8.63255951
OR,under18,2006,857003,98386,8.710619397
OR,under18,2007,862161,98386,8.763045555
OR,under18,2008,865664,98386,8.798650214
OR,under18,2009,866194,98386,8.80403716
OR,under18,2010,865129,98386,8.793212449
OR,under18,2011,862518,98386,8.76667412
OR,under18,2012,859910,98386,8.740166284
OR,under18,2013,857606,98386,8.716748318
PA,total,1990,11903299,46058,258.4415085
PA,total,1991,11982164,46058,260.1538061
PA,total,1992,12049450,46058,261.6147032
PA,total,1993,12119724,46058,263.1404751
PA,total,1994,12166050,46058,264.1462938
PA,total,1995,12198403,46058,264.8487342
PA,total,1996,12220464,46058,265.3277172
PA,total,1997,12227814,46058,265.4872986
PA,total,1998,12245672,46058,265.8750271
PA,total,1999,12263805,46058,266.2687264
PA,total,2000,12284173,46058,266.7109514
PA,total,2001,12298970,46058,267.0322202
PA,total,2002,12331031,46058,267.7283208
PA,total,2003,12374658,46058,268.6755395
PA,total,2004,12410722,46058,269.4585523
PA,total,2005,12449990,46058,270.3111294
PA,total,2006,12510809,46058,271.6316167
PA,total,2007,12563937,46058,272.7851188
PA,total,2008,12612285,46058,273.8348387
PA,total,2009,12666858,46058,275.0197143
PA,total,2010,12710472,46058,275.9666507
PA,total,2011,12741310,46058,276.6361978
PA,total,2012,12764475,46058,277.1391506
PA,total,2013,12773801,46058,277.3416345
PA,under18,1990,2799168,46058,60.7748491
PA,under18,1991,2830059,46058,61.44554692
PA,under18,1992,2873013,46058,62.37815363
PA,under18,1993,2907351,46058,63.12369187
PA,under18,1994,2932851,46058,63.67734161
PA,under18,1995,2941531,46058,63.86579964
PA,under18,1996,2937411,46058,63.77634721
PA,under18,1997,2942240,46058,63.88119328
PA,under18,1998,2940285,46058,63.8387468
PA,under18,1999,2930193,46058,63.61963177
PA,under18,2000,2918850,46058,63.37335533
PA,under18,2001,2905836,46058,63.09079856
PA,under18,2002,2894935,46058,62.85411872
PA,under18,2003,2883270,46058,62.6008511
PA,under18,2004,2873125,46058,62.38058535
PA,under18,2005,2859793,46058,62.09112423
PA,under18,2006,2850778,46058,61.89539277
PA,under18,2007,2839574,46058,61.65213427
PA,under18,2008,2821004,46058,61.24894698
PA,under18,2009,2804929,46058,60.89993052
PA,under18,2010,2785316,46058,60.47409788
PA,under18,2011,2761343,46058,59.95360198
PA,under18,2012,2737905,46058,59.44472187
PA,under18,2013,2715645,46058,58.96141821
RI,total,1990,1005995,1545,651.1294498
RI,total,1991,1010649,1545,654.1417476
RI,total,1992,1012581,1545,655.392233
RI,total,1993,1015113,1545,657.031068
RI,total,1994,1015960,1545,657.579288
RI,total,1995,1017002,1545,658.2537217
RI,total,1996,1020893,1545,660.7721683
RI,total,1997,1025353,1545,663.6588997
RI,total,1998,1031155,1545,667.4142395
RI,total,1999,1040402,1545,673.3993528
RI,total,2000,1050268,1545,679.7851133
RI,total,2001,1057142,1545,684.2343042
RI,total,2002,1065995,1545,689.9644013
RI,total,2003,1071342,1545,693.4252427
RI,total,2004,1074579,1545,695.5203883
RI,total,2005,1067916,1545,691.207767
RI,total,2006,1063096,1545,688.0880259
RI,total,2007,1057315,1545,684.3462783
RI,total,2008,1055003,1545,682.8498382
RI,total,2009,1053646,1545,681.971521
RI,total,2010,1052669,1545,681.3391586
RI,total,2011,1050350,1545,679.8381877
RI,total,2012,1050304,1545,679.8084142
RI,total,2013,1051511,1545,680.589644
RI,under18,1990,225923,1545,146.228479
RI,under18,1991,229448,1545,148.5100324
RI,under18,1992,232630,1545,150.5695793
RI,under18,1993,237218,1545,153.5391586
RI,under18,1994,239100,1545,154.7572816
RI,under18,1995,240553,1545,155.6977346
RI,under18,1996,240569,1545,155.7080906
RI,under18,1997,242079,1545,156.6854369
RI,under18,1998,241760,1545,156.4789644
RI,under18,1999,247014,1545,159.8796117
RI,under18,2000,248065,1545,160.5598706
RI,under18,2001,248296,1545,160.7093851
RI,under18,2002,248690,1545,160.9644013
RI,under18,2003,248075,1545,160.566343
RI,under18,2004,246228,1545,159.3708738
RI,under18,2005,241932,1545,156.5902913
RI,under18,2006,237348,1545,153.623301
RI,under18,2007,233655,1545,151.2330097
RI,under18,2008,229798,1545,148.7365696
RI,under18,2009,225902,1545,146.2148867
RI,under18,2010,223088,1545,144.3935275
RI,under18,2011,219783,1545,142.2543689
RI,under18,2012,216591,1545,140.1883495
RI,under18,2013,213987,1545,138.5029126
SC,total,1990,3501155,32007,109.3871653
SC,total,1991,3570404,32007,111.5507233
SC,total,1992,3620464,32007,113.1147561
SC,total,1993,3663314,32007,114.4535258
SC,total,1994,3705397,32007,115.7683319
SC,total,1995,3748582,32007,117.117568
SC,total,1996,3796200,32007,118.6053051
SC,total,1997,3859696,32007,120.5891211
SC,total,1998,3919235,32007,122.449308
SC,total,1999,3974682,32007,124.1816478
SC,total,2000,4024223,32007,125.7294654
SC,total,2001,4064995,32007,127.0033118
SC,total,2002,4107795,32007,128.3405193
SC,total,2003,4150297,32007,129.6684163
SC,total,2004,4210921,32007,131.562502
SC,total,2005,4270150,32007,133.4130034
SC,total,2006,4357847,32007,136.1529353
SC,total,2007,4444110,32007,138.8480645
SC,total,2008,4528996,32007,141.5001718
SC,total,2009,4589872,32007,143.4021308
SC,total,2010,4636361,32007,144.8545943
SC,total,2011,4673509,32007,146.0152154
SC,total,2012,4723417,32007,147.5744993
SC,total,2013,4774839,32007,149.1810854
SC,under18,1990,921041,32007,28.77623645
SC,under18,1991,936122,32007,29.24741463
SC,under18,1992,947868,32007,29.61439685
SC,under18,1993,956951,32007,29.89817852
SC,under18,1994,969766,32007,30.29855969
SC,under18,1995,975884,32007,30.48970538
SC,under18,1996,987576,32007,30.85500047
SC,under18,1997,1001681,32007,31.29568532
SC,under18,1998,1006371,32007,31.44221577
SC,under18,1999,1007050,32007,31.46342987
SC,under18,2000,1010641,32007,31.57562408
SC,under18,2001,1016134,32007,31.74724279
SC,under18,2002,1020531,32007,31.88461899
SC,under18,2003,1023785,32007,31.98628425
SC,under18,2004,1029111,32007,32.15268535
SC,under18,2005,1036941,32007,32.39731934
SC,under18,2006,1050042,32007,32.80663605
SC,under18,2007,1064190,32007,33.24866435
SC,under18,2008,1074116,32007,33.55878402
SC,under18,2009,1079729,32007,33.7341519
SC,under18,2010,1079978,32007,33.74193145
SC,under18,2011,1076524,32007,33.63401756
SC,under18,2012,1077455,32007,33.66310495
SC,under18,2013,1079798,32007,33.73630768
SD,total,1990,697101,77121,9.03905551
SD,total,1991,703669,77121,9.124220381
SD,total,1992,712801,77121,9.242631709
SD,total,1993,722160,77121,9.363986463
SD,total,1994,730790,77121,9.475888539
SD,total,1995,737926,77121,9.568418459
SD,total,1996,742214,77121,9.624019398
SD,total,1997,744223,77121,9.650069372
SD,total,1998,746059,77121,9.673876117
SD,total,1999,750413,77121,9.730332854
SD,total,2000,755844,77121,9.800754658
SD,total,2001,757972,77121,9.828347661
SD,total,2002,760020,77121,9.854903334
SD,total,2003,763729,77121,9.90299659
SD,total,2004,770396,77121,9.989445158
SD,total,2005,775493,77121,10.05553611
SD,total,2006,783033,77121,10.15330455
SD,total,2007,791623,77121,10.26468796
SD,total,2008,799124,77121,10.3619507
SD,total,2009,807067,77121,10.4649447
SD,total,2010,816211,77121,10.58351162
SD,total,2011,823772,77121,10.68155237
SD,total,2012,834047,77121,10.81478456
SD,total,2013,844877,77121,10.95521324
SD,under18,1990,199453,77121,2.586234618
SD,under18,1991,201749,77121,2.616006017
SD,under18,1992,206632,77121,2.679322104
SD,under18,1993,207975,77121,2.696736298
SD,under18,1994,208443,77121,2.702804684
SD,under18,1995,207890,77121,2.695634133
SD,under18,1996,205780,77121,2.66827453
SD,under18,1997,205978,77121,2.670841924
SD,under18,1998,204786,77121,2.655385693
SD,under18,1999,203737,77121,2.641783691
SD,under18,2000,202681,77121,2.628090922
SD,under18,2001,200795,77121,2.603635845
SD,under18,2002,198694,77121,2.576392941
SD,under18,2003,197326,77121,2.558654582
SD,under18,2004,196804,77121,2.551885997
SD,under18,2005,196476,77121,2.54763294
SD,under18,2006,197332,77121,2.558732382
SD,under18,2007,198847,77121,2.578376836
SD,under18,2008,199848,77121,2.59135644
SD,under18,2009,201204,77121,2.608939199
SD,under18,2010,203145,77121,2.634107442
SD,under18,2011,203948,77121,2.644519651
SD,under18,2012,205298,77121,2.662024611
SD,under18,2013,207959,77121,2.696528831
TN,total,1990,4894492,42146,116.1318275
TN,total,1991,4966587,42146,117.8424287
TN,total,1992,5049742,42146,119.8154511
TN,total,1993,5137584,42146,121.8996821
TN,total,1994,5231438,42146,124.1265601
TN,total,1995,5326936,42146,126.3924453
TN,total,1996,5416643,42146,128.5209273
TN,total,1997,5499233,42146,130.4805438
TN,total,1998,5570045,42146,132.1607033
TN,total,1999,5638706,42146,133.7898258
TN,total,2000,5703719,42146,135.3323922
TN,total,2001,5750789,42146,136.4492241
TN,total,2002,5795918,42146,137.5200019
TN,total,2003,5847812,42146,138.7512931
TN,total,2004,5910809,42146,140.2460257
TN,total,2005,5991057,42146,142.1500736
TN,total,2006,6088766,42146,144.4684193
TN,total,2007,6175727,42146,146.5317468
TN,total,2008,6247411,42146,148.2325962
TN,total,2009,6306019,42146,149.6231908
TN,total,2010,6356683,42146,150.8252978
TN,total,2011,6398361,42146,151.8141935
TN,total,2012,6454914,42146,153.156029
TN,total,2013,6495978,42146,154.1303564
TN,under18,1990,1220200,42146,28.95173919
TN,under18,1991,1233260,42146,29.26161439
TN,under18,1992,1259458,42146,29.88321549
TN,under18,1993,1285044,42146,30.49029564
TN,under18,1994,1310988,42146,31.10587007
TN,under18,1995,1331616,42146,31.59531154
TN,under18,1996,1345723,42146,31.93002895
TN,under18,1997,1359030,42146,32.24576472
TN,under18,1998,1369987,42146,32.50574194
TN,under18,1999,1385997,42146,32.88561192
TN,under18,2000,1399685,42146,33.2103877
TN,under18,2001,1407578,42146,33.39766526
TN,under18,2002,1414857,42146,33.57037441
TN,under18,2003,1424861,42146,33.80773976
TN,under18,2004,1433343,42146,34.00899255
TN,under18,2005,1449326,42146,34.3882219
TN,under18,2006,1470166,42146,34.88269349
TN,under18,2007,1482747,42146,35.18120344
TN,under18,2008,1494354,42146,35.45660324
TN,under18,2009,1494687,42146,35.46450434
TN,under18,2010,1495090,42146,35.47406634
TN,under18,2011,1491837,42146,35.39688227
TN,under18,2012,1492689,42146,35.41709771
TN,under18,2013,1491577,42146,35.39071323
TX,total,1990,17056755,268601,63.50220215
TX,total,1991,17398005,268601,64.77267397
TX,total,1992,17759738,268601,66.11940387
TX,total,1993,18161612,268601,67.6155785
TX,total,1994,18564062,268601,69.11389757
TX,total,1995,18958751,268601,70.58332247
TX,total,1996,19340342,268601,72.0039836
TX,total,1997,19740317,268601,73.49308826
TX,total,1998,20157531,268601,75.04637362
TX,total,1999,20558220,268601,76.53813649
TX,total,2000,20944499,268601,77.97625102
TX,total,2001,21319622,268601,79.37283182
TX,total,2002,21690325,268601,80.75295699
TX,total,2003,22030931,268601,82.02103119
TX,total,2004,22394023,268601,83.37282065
TX,total,2005,22778123,268601,84.80282277
TX,total,2006,23359580,268601,86.96758389
TX,total,2007,23831983,268601,88.72633758
TX,total,2008,24309039,268601,90.50241436
TX,total,2009,24801761,268601,92.33681557
TX,total,2010,25245178,268601,93.98765455
TX,total,2011,25640909,268601,95.46095882
TX,total,2012,26060796,268601,97.02419574
TX,total,2013,26448193,268601,98.46647257
TX,under18,1990,4906220,268601,18.26582924
TX,under18,1991,5000793,268601,18.61792398
TX,under18,1992,5109805,268601,19.02377504
TX,under18,1993,5217899,268601,19.42620839
TX,under18,1994,5331524,268601,19.84923362
TX,under18,1995,5421784,268601,20.18527109
TX,under18,1996,5551447,268601,20.6680057
TX,under18,1997,5655482,268601,21.05532742
TX,under18,1998,5759054,268601,21.44092539
TX,under18,1999,5840211,268601,21.74307244
TX,under18,2000,5906301,268601,21.98912513
TX,under18,2001,5980187,268601,22.26420229
TX,under18,2002,6060372,268601,22.56273059
TX,under18,2003,6132980,268601,22.83304977
TX,under18,2004,6208259,268601,23.11331306
TX,under18,2005,6290970,268601,23.42124564
TX,under18,2006,6446798,268601,24.0013924
TX,under18,2007,6565872,268601,24.44470423
TX,under18,2008,6675917,268601,24.85440114
TX,under18,2009,6792907,268601,25.28995424
TX,under18,2010,6879014,268601,25.61053012
TX,under18,2011,6931758,268601,25.80689573
TX,under18,2012,6985807,268601,26.00811985
TX,under18,2013,7041986,268601,26.21727395
UT,total,1990,1731223,84904,20.39035852
UT,total,1991,1779780,84904,20.96226326
UT,total,1992,1836799,84904,21.63383351
UT,total,1993,1898404,84904,22.3594177
UT,total,1994,1960446,84904,23.09014887
UT,total,1995,2014179,84904,23.72301658
UT,total,1996,2067976,84904,24.35663809
UT,total,1997,2119784,84904,24.96683313
UT,total,1998,2165961,84904,25.51070621
UT,total,1999,2203482,84904,25.95262885
UT,total,2000,2244502,84904,26.43576274
UT,total,2001,2283715,84904,26.89761378
UT,total,2002,2324815,84904,27.38168991
UT,total,2003,2360137,84904,27.79771271
UT,total,2004,2401580,84904,28.2858287
UT,total,2005,2457719,84904,28.9470343
UT,total,2006,2525507,84904,29.74544191
UT,total,2007,2597746,84904,30.59627344
UT,total,2008,2663029,84904,31.36517714
UT,total,2009,2723421,84904,32.07647461
UT,total,2010,2774424,84904,32.67718835
UT,total,2011,2814784,84904,33.15254876
UT,total,2012,2854871,84904,33.62469377
UT,total,2013,2900872,84904,34.16649392
UT,under18,1990,627122,84904,7.386247998
UT,under18,1991,637216,84904,7.505135212
UT,under18,1992,648725,84904,7.640688307
UT,under18,1993,662968,84904,7.808442476
UT,under18,1994,673935,84904,7.937611891
UT,under18,1995,679636,84904,8.004758315
UT,under18,1996,687078,84904,8.092410252
UT,under18,1997,699528,84904,8.239046452
UT,under18,1998,709386,84904,8.355154056
UT,under18,1999,715398,84904,8.425963441
UT,under18,2000,721686,84904,8.500023556
UT,under18,2001,726819,84904,8.560480072
UT,under18,2002,733517,84904,8.63936917
UT,under18,2003,740483,84904,8.721414774
UT,under18,2004,751771,84904,8.85436493
UT,under18,2005,767888,84904,9.044191086
UT,under18,2006,789957,84904,9.304119947
UT,under18,2007,815496,84904,9.604918496
UT,under18,2008,837258,84904,9.861231509
UT,under18,2009,857853,84904,10.10379959
UT,under18,2010,873019,84904,10.28242486
UT,under18,2011,881350,84904,10.38054744
UT,under18,2012,888578,84904,10.46567888
UT,under18,2013,896589,84904,10.56003251
VA,total,1990,6216884,42769,145.3595829
VA,total,1991,6301217,42769,147.3314083
VA,total,1992,6414307,42769,149.9756132
VA,total,1993,6509630,42769,152.2044004
VA,total,1994,6593139,42769,154.1569595
VA,total,1995,6670693,42769,155.9702822
VA,total,1996,6750884,42769,157.8452618
VA,total,1997,6829183,42769,159.6760036
VA,total,1998,6900918,42769,161.3532699
VA,total,1999,7000174,42769,163.6740162
VA,total,2000,7105817,42769,166.1440997
VA,total,2001,7198362,42769,168.3079333
VA,total,2002,7286873,42769,170.3774463
VA,total,2003,7366977,42769,172.2503916
VA,total,2004,7475575,42769,174.7895672
VA,total,2005,7577105,42769,177.1634829
VA,total,2006,7673725,42769,179.4225958
VA,total,2007,7751000,42769,181.2293951
VA,total,2008,7833496,42769,183.1582688
VA,total,2009,7925937,42769,185.3196708
VA,total,2010,8024417,42769,187.6222731
VA,total,2011,8105850,42769,189.5262924
VA,total,2012,8186628,42769,191.4149968
VA,total,2013,8260405,42769,193.1400079
VA,under18,1990,1520670,42769,35.55542566
VA,under18,1991,1548258,42769,36.2004723
VA,under18,1992,1581544,42769,36.97874629
VA,under18,1993,1604758,42769,37.5215226
VA,under18,1994,1628711,42769,38.08157778
VA,under18,1995,1649005,42769,38.55608034
VA,under18,1996,1664147,42769,38.91012182
VA,under18,1997,1683766,42769,39.36884192
VA,under18,1998,1706261,42769,39.89480699
VA,under18,1999,1723125,42769,40.28911127
VA,under18,2000,1741420,42769,40.71687437
VA,under18,2001,1754549,42769,41.02384905
VA,under18,2002,1771247,42769,41.41427202
VA,under18,2003,1782254,42769,41.67163132
VA,under18,2004,1801958,42769,42.13233884
VA,under18,2005,1816270,42769,42.46697374
VA,under18,2006,1826368,42769,42.70307933
VA,under18,2007,1834386,42769,42.89055157
VA,under18,2008,1838361,42769,42.98349272
VA,under18,2009,1845132,42769,43.14180832
VA,under18,2010,1855025,42769,43.37312072
VA,under18,2011,1857585,42769,43.43297716
VA,under18,2012,1861323,42769,43.52037691
VA,under18,2013,1864535,42769,43.59547803
VT,total,1990,564798,9615,58.74134165
VT,total,1991,568606,9615,59.1373895
VT,total,1992,572751,9615,59.56848674
VT,total,1993,577748,9615,60.08819553
VT,total,1994,583836,9615,60.72137285
VT,total,1995,589003,9615,61.25876235
VT,total,1996,593701,9615,61.74737389
VT,total,1997,597239,9615,62.11534061
VT,total,1998,600416,9615,62.44576183
VT,total,1999,604683,9615,62.88954758
VT,total,2000,609618,9615,63.40280811
VT,total,2001,612223,9615,63.67373895
VT,total,2002,615442,9615,64.00852834
VT,total,2003,617858,9615,64.25980239
VT,total,2004,619920,9615,64.47425897
VT,total,2005,621215,9615,64.60894436
VT,total,2006,622892,9615,64.78335933
VT,total,2007,623481,9615,64.84461778
VT,total,2008,624151,9615,64.91430057
VT,total,2009,624817,9615,64.98356734
VT,total,2010,625793,9615,65.0850754
VT,total,2011,626320,9615,65.1398856
VT,total,2012,625953,9615,65.10171607
VT,total,2013,626630,9615,65.17212689
VT,under18,1990,143296,9615,14.90338014
VT,under18,1991,145219,9615,15.10338014
VT,under18,1992,146983,9615,15.28684347
VT,under18,1993,148705,9615,15.46593864
VT,under18,1994,150794,9615,15.68320333
VT,under18,1995,151439,9615,15.75028601
VT,under18,1996,151490,9615,15.75559022
VT,under18,1997,150040,9615,15.60478419
VT,under18,1998,148467,9615,15.44118565
VT,under18,1999,147859,9615,15.37795112
VT,under18,2000,147549,9615,15.34570983
VT,under18,2001,146040,9615,15.18876755
VT,under18,2002,144441,9615,15.0224649
VT,under18,2003,142718,9615,14.84326573
VT,under18,2004,141068,9615,14.67165887
VT,under18,2005,138933,9615,14.44960998
VT,under18,2006,136731,9615,14.22059282
VT,under18,2007,134695,9615,14.00884035
VT,under18,2008,132600,9615,13.79095164
VT,under18,2009,130450,9615,13.56734269
VT,under18,2010,128601,9615,13.375039
VT,under18,2011,126500,9615,13.15652626
VT,under18,2012,124555,9615,12.95423817
VT,under18,2013,122701,9615,12.76141446
WA,total,1990,4903043,71303,68.76348821
WA,total,1991,5025624,71303,70.48264449
WA,total,1992,5160757,71303,72.37783824
WA,total,1993,5278842,71303,74.03393967
WA,total,1994,5375161,71303,75.38478044
WA,total,1995,5481027,71303,76.86951461
WA,total,1996,5569753,71303,78.11386618
WA,total,1997,5674747,71303,79.58637084
WA,total,1998,5769562,71303,80.91611854
WA,total,1999,5842564,71303,81.93994643
WA,total,2000,5910512,71303,82.89289371
WA,total,2001,5985722,71303,83.94768804
WA,total,2002,6052349,71303,84.88210875
WA,total,2003,6104115,71303,85.60810906
WA,total,2004,6178645,71303,86.65336662
WA,total,2005,6257305,71303,87.75654601
WA,total,2006,6370753,71303,89.34761511
WA,total,2007,6461587,71303,90.62153065
WA,total,2008,6562231,71303,92.03302806
WA,total,2009,6667426,71303,93.50835168
WA,total,2010,6742256,71303,94.55781664
WA,total,2011,6821481,71303,95.66891996
WA,total,2012,6895318,71303,96.70445844
WA,total,2013,6971406,71303,97.77156641
WA,under18,1990,1301545,71303,18.25372004
WA,under18,1991,1326527,71303,18.60408398
WA,under18,1992,1365480,71303,19.15038638
WA,under18,1993,1387716,71303,19.46223862
WA,under18,1994,1409922,71303,19.77367011
WA,under18,1995,1429397,71303,20.04680027
WA,under18,1996,1449613,71303,20.33032271
WA,under18,1997,1473646,71303,20.66737725
WA,under18,1998,1494784,71303,20.96383041
WA,under18,1999,1507824,71303,21.14671192
WA,under18,2000,1516361,71303,21.2664404
WA,under18,2001,1517527,71303,21.28279315
WA,under18,2002,1517655,71303,21.28458831
WA,under18,2003,1514877,71303,21.24562781
WA,under18,2004,1520751,71303,21.32800864
WA,under18,2005,1523890,71303,21.37203203
WA,under18,2006,1536926,71303,21.55485744
WA,under18,2007,1549582,71303,21.73235348
WA,under18,2008,1560302,71303,21.88269778
WA,under18,2009,1574403,71303,22.08045945
WA,under18,2010,1581436,71303,22.17909485
WA,under18,2011,1584709,71303,22.22499755
WA,under18,2012,1588451,71303,22.27747781
WA,under18,2013,1595795,71303,22.38047487
WI,total,1990,4904562,65503,74.87537975
WI,total,1991,4964343,65503,75.78802498
WI,total,1992,5025398,65503,76.72011969
WI,total,1993,5084889,65503,77.62833763
WI,total,1994,5133678,65503,78.37317375
WI,total,1995,5184836,65503,79.15417614
WI,total,1996,5229986,65503,79.84345755
WI,total,1997,5266213,65503,80.39651619
WI,total,1998,5297673,65503,80.87679954
WI,total,1999,5332666,65503,81.41101934
WI,total,2000,5373999,65503,82.04202861
WI,total,2001,5406835,65503,82.54331863
WI,total,2002,5445162,65503,83.12843687
WI,total,2003,5479203,65503,83.64812299
WI,total,2004,5514026,65503,84.17974749
WI,total,2005,5546166,65503,84.67041204
WI,total,2006,5577655,65503,85.15113812
WI,total,2007,5610775,65503,85.65676381
WI,total,2008,5640996,65503,86.11813199
WI,total,2009,5669264,65503,86.54968475
WI,total,2010,5689060,65503,86.85189991
WI,total,2011,5708785,65503,87.15303116
WI,total,2012,5724554,65503,87.39376822
WI,total,2013,5742713,65503,87.67099217
WI,under18,1990,1302869,65503,19.89021877
WI,under18,1991,1314855,65503,20.07320275
WI,under18,1992,1330555,65503,20.31288643
WI,under18,1993,1337334,65503,20.41637788
WI,under18,1994,1348110,65503,20.58088942
WI,under18,1995,1351343,65503,20.63024594
WI,under18,1996,1352877,65503,20.65366472
WI,under18,1997,1359712,65503,20.75801108
WI,under18,1998,1362907,65503,20.80678748
WI,under18,1999,1367019,65503,20.86956323
WI,under18,2000,1370440,65503,20.92178984
WI,under18,2001,1367593,65503,20.87832618
WI,under18,2002,1365315,65503,20.84354915
WI,under18,2003,1358505,65503,20.73958445
WI,under18,2004,1354643,65503,20.68062531
WI,under18,2005,1349866,65503,20.60769736
WI,under18,2006,1348785,65503,20.5911943
WI,under18,2007,1348901,65503,20.59296521
WI,under18,2008,1345573,65503,20.54215837
WI,under18,2009,1342411,65503,20.49388578
WI,under18,2010,1336094,65503,20.39744745
WI,under18,2011,1325870,65503,20.24136299
WI,under18,2012,1316113,65503,20.09240798
WI,under18,2013,1307776,65503,19.96513137
WV,total,1990,1792548,24231,73.97746688
WV,total,1991,1798735,24231,74.23280096
WV,total,1992,1806451,24231,74.55123602
WV,total,1993,1817539,24231,75.00883166
WV,total,1994,1820421,24231,75.12777021
WV,total,1995,1823700,24231,75.26309273
WV,total,1996,1822808,24231,75.22628038
WV,total,1997,1819113,24231,75.07378977
WV,total,1998,1815609,24231,74.92918163
WV,total,1999,1811799,24231,74.77194503
WV,total,2000,1807021,24231,74.57475961
WV,total,2001,1801481,24231,74.34612686
WV,total,2002,1805414,24231,74.5084396
WV,total,2003,1812295,24231,74.79241468
WV,total,2004,1816438,24231,74.963394
WV,total,2005,1820492,24231,75.13070034
WV,total,2006,1827912,24231,75.43691965
WV,total,2007,1834052,24231,75.69031406
WV,total,2008,1840310,24231,75.94857827
WV,total,2009,1847775,24231,76.2566547
WV,total,2010,1854146,24231,76.51958235
WV,total,2011,1855184,24231,76.56242004
WV,total,2012,1856680,24231,76.62415913
WV,total,2013,1854304,24231,76.52610293
WV,under18,1990,436797,24231,18.02637118
WV,under18,1991,433918,24231,17.90755644
WV,under18,1992,433116,24231,17.87445834
WV,under18,1993,432364,24231,17.84342371
WV,under18,1994,429128,24231,17.70987578
WV,under18,1995,428790,24231,17.69592671
WV,under18,1996,422831,24231,17.45000206
WV,under18,1997,418037,24231,17.25215633
WV,under18,1998,412793,24231,17.03573934
WV,under18,1999,406784,24231,16.78775123
WV,under18,2000,401062,24231,16.55160745
WV,under18,2001,395307,24231,16.31410177
WV,under18,2002,393569,24231,16.24237547
WV,under18,2003,392460,24231,16.19660765
WV,under18,2004,391856,24231,16.1716809
WV,under18,2005,390431,24231,16.11287194
WV,under18,2006,390637,24231,16.12137345
WV,under18,2007,390661,24231,16.12236391
WV,under18,2008,390210,24231,16.10375139
WV,under18,2009,389036,24231,16.05530106
WV,under18,2010,387224,24231,15.98052082
WV,under18,2011,385283,24231,15.90041682
WV,under18,2012,384030,24231,15.8487062
WV,under18,2013,381678,24231,15.75164046
WY,total,1990,453690,97818,4.638103417
WY,total,1991,459260,97818,4.695045902
WY,total,1992,466251,97818,4.766515365
WY,total,1993,473081,97818,4.836338915
WY,total,1994,480283,97818,4.909965446
WY,total,1995,485160,97818,4.959823345
WY,total,1996,488167,97818,4.990564109
WY,total,1997,489452,97818,5.00370075
WY,total,1998,490787,97818,5.017348545
WY,total,1999,491780,97818,5.027500051
WY,total,2000,494300,97818,5.053262181
WY,total,2001,494657,97818,5.056911816
WY,total,2002,500017,97818,5.111707457
WY,total,2003,503453,97818,5.146833916
WY,total,2004,509106,97818,5.204624916
WY,total,2005,514157,97818,5.256261629
WY,total,2006,522667,97818,5.343259932
WY,total,2007,534876,97818,5.468073361
WY,total,2008,546043,97818,5.582234354
WY,total,2009,559851,97818,5.723394467
WY,total,2010,564222,97818,5.768079495
WY,total,2011,567329,97818,5.799842565
WY,total,2012,576626,97818,5.894886422
WY,total,2013,582658,97818,5.956551964
WY,under18,1990,136078,97818,1.391134556
WY,under18,1991,136720,97818,1.397697765
WY,under18,1992,137308,97818,1.403708929
WY,under18,1993,137458,97818,1.405242389
WY,under18,1994,137733,97818,1.408053732
WY,under18,1995,136785,97818,1.398362265
WY,under18,1996,135698,97818,1.38724979
WY,under18,1997,134328,97818,1.373244188
WY,under18,1998,132602,97818,1.355599174
WY,under18,1999,130793,97818,1.337105645
WY,under18,2000,128774,97818,1.316465272
WY,under18,2001,126212,97818,1.290273774
WY,under18,2002,125495,97818,1.282943834
WY,under18,2003,124182,97818,1.269520947
WY,under18,2004,123974,97818,1.267394549
WY,under18,2005,124022,97818,1.267885256
WY,under18,2006,125525,97818,1.283250526
WY,under18,2007,128760,97818,1.316322149
WY,under18,2008,131511,97818,1.344445808
WY,under18,2009,134960,97818,1.379705167
WY,under18,2010,135351,97818,1.383702386
WY,under18,2011,135407,97818,1.384274878
WY,under18,2012,136526,97818,1.39571449
WY,under18,2013,137679,97818,1.407501687